source,filename,old_label,old_status,old_engine,old_score,old_evidence,new_label,new_status,new_score,new_runner_up_score,new_layer,new_evidence,changed
/Users/billcipher/Documents/(Phạm Văn Trọng) CHƯƠNG I. Phần 1. Ester.pdf,(Phạm Văn Trọng) CHƯƠNG I. Phần 1. Ester,Hoa_hoc,subject,filename,30.0,filename:ester x1=30.0,Hoa_hoc,subject,44.0,0.0,accentless,accentless:ester x1=44.0,False
/Users/billcipher/Documents/(TỜ 28) ĐB. Chương 5. Phần 2. ALCOHOL.pdf,(TỜ 28) ĐB. Chương 5. Phần 2. ALCOHOL,Hoa_hoc,subject,filename,27.5,filename:alcohol x1=27.5,Hoa_hoc,subject,34.0,0.0,accented,accented:alcohol x1=34.0,False
/Users/billcipher/Documents/(TỜ 29) ĐB. Chương 5. Phần 3. PHENOL.pdf,(TỜ 29) ĐB. Chương 5. Phần 3. PHENOL,Hoa_hoc,subject,filename,30.0,filename:phenol x1=30.0,Hoa_hoc,subject,34.0,0.0,accented,accented:phenol x1=34.0,False
/Users/billcipher/Documents/(TỜ 35) ĐB. Chương 6. Phần 1. Hợp chất carbonyl.pdf,(TỜ 35) ĐB. Chương 6. Phần 1. Hợp chất carbonyl,Hoa_hoc,subject,pdfplumber,1141.0,body:hoa hoc x10=160.0; body:phan ung oxi hoa khu x1=15.0; body:phuong trinh hoa hoc x9=126.0; body:naoh x8=96.0; body:cuo x3=30.0; body:lien ket hydrogen x1=13.0; body:alcohol x7=77.0; body:phenol x1=12.0; body:aldehyde x35=420.0; body:ketone x16=192.0,Hoa_hoc,subject,44.0,0.0,accentless,accentless:carbonyl x1=44.0,False
/Users/billcipher/Documents/(TỜ 36) ĐB. Chương 6. Phần 2. Carboxylic acid.pdf,(TỜ 36) ĐB. Chương 6. Phần 2. Carboxylic acid,Hoa_hoc,subject,filename,30.0,filename:carboxylic acid x1=30.0,Hoa_hoc,subject,61.36,0.0,accentless,accentless:carboxylic acid x1=61.4,False
/Users/billcipher/Documents/(TỜ 6.3) HÓA 12-CHƯƠNG 1-ESTER-LIPID -ĐỀ LUYỆN TẬP ESTER SỐ 03-Đề.pdf,(TỜ 6.3) HÓA 12-CHƯƠNG 1-ESTER-LIPID -ĐỀ LUYỆN TẬP ESTER SỐ 03-Đề,Hoa_hoc,subject,filename,60.0,filename:ester x2=60.0,Hoa_hoc,subject,38.0,0.0,accented,accented:hóa x1=38.0,False
/Users/billcipher/Documents/(TỜ 7.1) 68 CÂU LÝ THUYẾT HÓA HỌC CHUYÊN BIỆT ESTER-ĐỀ.pdf,(TỜ 7.1) 68 CÂU LÝ THUYẾT HÓA HỌC CHUYÊN BIỆT ESTER-ĐỀ,Hoa_hoc,subject,filename,130.0,filename:hoa hoc x1=40.0; filename:ester x1=30.0; filename_alias:hoa x1=30.0; filename_alias:hoa hoc x1=30.0,Hoa_hoc,subject,64.9,0.0,accented,accented:hóa học x1=64.9,False
/Users/billcipher/Documents/(TỜ 71) 68 CÂU LÝ THUYẾT HÓA HỌC CHUYÊN BIỆT ESTER-ĐỀ.docx,(TỜ 71) 68 CÂU LÝ THUYẾT HÓA HỌC CHUYÊN BIỆT ESTER-ĐỀ,Hoa_hoc,subject,filename,130.0,filename:hoa hoc x1=40.0; filename:ester x1=30.0; filename_alias:hoa x1=30.0; filename_alias:hoa hoc x1=30.0,Hoa_hoc,subject,64.9,0.0,accented,accented:hóa học x1=64.9,False
/Users/billcipher/Documents/093208001499 - PT2 - CNĐG - .pdf,093208001499 - PT2 - CNĐG - ,_Khong_xac_dinh,unknown,none,0.0,,_Khong_xac_dinh,unknown,0.0,0.0,accentless,,False
"/Users/billcipher/Documents/1. EBOOK CHINH PHỤC HÀM SỐ TOÁN 12 TỪ A-Z, ANH GIÁO KID.pdf","1. EBOOK CHINH PHỤC HÀM SỐ TOÁN 12 TỪ A-Z, ANH GIÁO KID",Toan,subject,filename,52.5,filename:ham so x1=22.5; filename_alias:toan x1=30.0,Toan,subject,40.0,0.0,accented,accented:toán x1=40.0,False
/Users/billcipher/Documents/1.pdf,1,Ngu_van,subject,pdfplumber,31.0,body:cot truyen x2=20.0; body:tuồng x1=11.0,_Khong_xac_dinh,unknown,0.0,0.0,accentless,,True
/Users/billcipher/Documents/10. HĐ PHÍ MG.docx,10. HĐ PHÍ MG,_Khong_phai_mon_hoc,non_subject,docx,0.0,body:hop dong x7=63.0,_Khong_xac_dinh,unknown,0.0,0.0,accentless,,True
/Users/billcipher/Documents/100 Câu lí thuyết chống sai ngu giữa kì 1 - Vật Lí 12.pdf,100 Câu lí thuyết chống sai ngu giữa kì 1 - Vật Lí 12,Vat_ly,subject,filename,70.0,filename:vat li x1=40.0; filename_alias:vat li x1=30.0,Vat_ly,subject,59.0,0.0,accented,accented:vật lí x1=59.0,False
/Users/billcipher/Documents/155_A4.pdf,155_A4,_Khong_xac_dinh,unknown,none,0.0,,_Khong_xac_dinh,unknown,0.0,0.0,accentless,,False
/Users/billcipher/Documents/1755491360481.pdf,1755491360481,Toan,subject,pdfplumber,64.0,body:hinh hoc x1=10.0; body:xac suat x3=30.0; body:chinh hop x2=24.0,_Khong_xac_dinh,unknown,0.0,0.0,accentless,,True
/Users/billcipher/Documents/2 DS niem yet THPT hoan chinh 2023 2024 Ct.pdf,2 DS niem yet THPT hoan chinh 2023 2024 Ct,Ngu_van,subject,pdfplumber,242.0,body:ngu van x2=32.0; body:mon van x6=108.0; body:mon ngu van x2=36.0; body:tuồng x6=66.0,_Khong_xac_dinh,unknown,0.0,0.0,accentless,,True
"/Users/billcipher/Documents/2. EBOOK TƯ DUY MỞ 2025 CHINH PHỤC HÌNH HỌC KHÔNG GIAN, THẦY NGUYỄN ĐĂNG ÁI.pdf","2. EBOOK TƯ DUY MỞ 2025 CHINH PHỤC HÌNH HỌC KHÔNG GIAN, THẦY NGUYỄN ĐĂNG ÁI",Toan,subject,filename,55.0,filename:hinh hoc x1=25.0; filename_alias:hinh hoc x1=30.0,Toan,subject,40.12,0.0,accented,accented:hình học x1=40.1,False
/Users/billcipher/Documents/2022_2023 KQ HSG cap tinh THCS khoa 01_3_2023.pdf,2022_2023 KQ HSG cap tinh THCS khoa 01_3_2023,_Can_kiem_tra,conflict,pdfplumber,24.0,body:ho chi minh x2=24.0,_Khong_xac_dinh,unknown,0.0,0.0,accentless,,True
/Users/billcipher/Documents/2024 2025_KQ thi chon doi tuyen.pdf,2024 2025_KQ thi chon doi tuyen,Ngu_van,subject,pdfplumber,22.0,body:tuồng x2=22.0,_Khong_xac_dinh,unknown,0.0,0.0,accentless,,True
/Users/billcipher/Documents/20_11.docx,20_11,_Can_kiem_tra,conflict,docx,12.0,body:ho chi minh x1=12.0,_Khong_xac_dinh,unknown,0.0,0.0,accentless,,True
/Users/billcipher/Documents/21. BIÊN BẢN BÀN GIAO NHÀ.docx,21. BIÊN BẢN BÀN GIAO NHÀ,_Khong_phai_mon_hoc,non_subject,docx,0.0,filename:bien ban x1=20.0; body:bien ban x2=16.0,_Khong_xac_dinh,unknown,0.0,0.0,accentless,,True
/Users/billcipher/Documents/2223-tht-binhdinh.pdf,2223-tht-binhdinh,_Khong_xac_dinh,unknown,none,0.0,,_Khong_xac_dinh,unknown,0.0,0.0,accentless,,False
/Users/billcipher/Documents/2223-tht-chauthanh-3.pdf,2223-tht-chauthanh-3,_Khong_xac_dinh,unknown,none,0.0,,_Khong_xac_dinh,unknown,0.0,0.0,accentless,,False
/Users/billcipher/Documents/22_11 BÁO CÁO NGHIÊN CỨU KHOA HỌC KỸ THUẬT.docx,22_11 BÁO CÁO NGHIÊN CỨU KHOA HỌC KỸ THUẬT,Tin_hoc,subject,docx,1154.0,body:tin hoc x4=64.0; body:lap trinh x13=169.0; body:ngon ngu lap trinh x6=84.0; body:thuat toan x3=42.0; body:python x26=286.0; body:cau truc du lieu x5=70.0; body:co so du lieu x16=208.0; body:truy van du lieu x1=13.0; body:html x2=20.0; body:tin hoc ung dung x1=14.0,_Khong_xac_dinh,unknown,0.0,0.0,accentless,,True
/Users/billcipher/Documents/2323.tht.châu thành.bộ test.pdf,2323.tht.châu thành.bộ test,_Khong_xac_dinh,unknown,none,0.0,,_Khong_xac_dinh,unknown,0.0,0.0,accentless,,False
/Users/billcipher/Documents/27. BIÊN BẢN BÀN GIAO GIẤY TỜ (chủ nhà bàn giao khách mua).docx,27. BIÊN BẢN BÀN GIAO GIẤY TỜ (chủ nhà bàn giao khách mua),_Khong_phai_mon_hoc,non_subject,docx,0.0,filename:bien ban x1=20.0; body:bien ban x2=16.0,_Khong_xac_dinh,unknown,0.0,0.0,accentless,,True
/Users/billcipher/Documents/27. BIÊN BẢN GIAO NHẬN GIẤY TỜ (pháp lý).docx,27. BIÊN BẢN GIAO NHẬN GIẤY TỜ (pháp lý),_Khong_phai_mon_hoc,non_subject,docx,0.0,filename:bien ban x1=20.0; body:bien ban x2=16.0,_Khong_xac_dinh,unknown,0.0,0.0,accentless,,True
/Users/billcipher/Documents/29. VĂN BẢN THỎA THUẬN VỀ VIỆC THUÊ NHÀ.docx,29. VĂN BẢN THỎA THUẬN VỀ VIỆC THUÊ NHÀ,_Khong_phai_mon_hoc,non_subject,docx,0.0,body:hop dong x8=72.0; body:bien ban x1=8.0,_Khong_xac_dinh,unknown,0.0,0.0,accentless,,True
/Users/billcipher/Documents/2CHIlH-[MITA] - ĐỀ ĐẠI THẮNG VACT - File đề.pdf,2CHIlH-[MITA] - ĐỀ ĐẠI THẮNG VACT - File đề,Toan,subject,pdfplumber,47.0,body:bat phuong trinh x1=11.0; body:oxyz x1=14.0; body:cap so cong x1=11.0; body:cap so nhan x1=11.0,_Khong_xac_dinh,unknown,0.0,0.0,accentless,,True
"/Users/billcipher/Documents/3. EBOOK TƯ DUY MỞ 2025 CHINH PHỤC KHÔNG GIAN OXYZ, THẦY NGUYỄN ĐĂNG ÁII.pdf","3. EBOOK TƯ DUY MỞ 2025 CHINH PHỤC KHÔNG GIAN OXYZ, THẦY NGUYỄN ĐĂNG ÁII",Toan,subject,filename,35.0,filename:oxyz x1=35.0,Toan,subject,42.0,0.0,accentless,accentless:oxyz x1=42.0,False
/Users/billcipher/Documents/3. EBOOK VẬT LÝ 12 LẬP TRÌNH TƯ DUY VẬT LÝ  NHIỆT SGK MỚI.pdf,3. EBOOK VẬT LÝ 12 LẬP TRÌNH TƯ DUY VẬT LÝ  NHIỆT SGK MỚI,Vat_ly,subject,filename,200.0,filename:vat ly x2=80.0; filename_alias:ly x2=60.0; filename_alias:vat ly x2=60.0,Vat_ly,subject,118.0,49.56,accented,accented:vật lý x2=118.0,False
/Users/billcipher/Documents/30. VB TỪ CHỐI QUYỀN ƯU TIÊN MUA NHÀ Ở ĐANG CHO THUÊ (Cá nhân thuê).docx,30. VB TỪ CHỐI QUYỀN ƯU TIÊN MUA NHÀ Ở ĐANG CHO THUÊ (Cá nhân thuê),_Khong_phai_mon_hoc,non_subject,docx,0.0,body:hop dong x2=18.0,_Khong_xac_dinh,unknown,0.0,0.0,accentless,,True
/Users/billcipher/Documents/31. PHỤ LỤC HĐ VỀ VIỆC THOẢ THUẬN ĐỂ LẠI TÀI SẢN NỘI THẤT KHI MUA BÁN NHÀ.docx,31. PHỤ LỤC HĐ VỀ VIỆC THOẢ THUẬN ĐỂ LẠI TÀI SẢN NỘI THẤT KHI MUA BÁN NHÀ,_Khong_phai_mon_hoc,non_subject,docx,11.0,body:hop dong x9=81.0,_Khong_xac_dinh,unknown,0.0,0.0,accentless,,True
/Users/billcipher/Documents/60 ĐỀ THI THỬ NẮM CHẮC TỪ 1 - 8 ĐIỂM _ TOÁN & VẬT LÍ.pdf,60 ĐỀ THI THỬ NẮM CHẮC TỪ 1 - 8 ĐIỂM _ TOÁN & VẬT LÍ,Vat_ly,subject,filename,70.0,filename:vat li x1=40.0; filename_alias:vat li x1=30.0,Vat_ly,subject,59.0,40.0,accented,accented:vật lí x1=59.0,False
/Users/billcipher/Documents/7 . Chuyên KHTN HÀ NỘI - [Thi thử Tốt Nghiệp THPT 2026 Môn VẬT LÝ ].docx.pdf,7 . Chuyên KHTN HÀ NỘI - [Thi thử Tốt Nghiệp THPT 2026 Môn VẬT LÝ ].docx,Vat_ly,subject,filename,145.0,filename:vat ly x1=40.0; filename:mon vat ly x1=45.0; filename_alias:vat ly x1=30.0; filename_alias:mon vat ly x1=30.0,Vat_ly,subject,133.8,0.0,accented,accented:môn vật lý x1=74.8; accented:vật lý x1=59.0,False
/Users/billcipher/Documents/7. EBOOK 360 ĐỘ LÍ THUYẾT VẬT LÍ 12.pdf,7. EBOOK 360 ĐỘ LÍ THUYẾT VẬT LÍ 12,Vat_ly,subject,filename,70.0,filename:vat li x1=40.0; filename_alias:vat li x1=30.0,Vat_ly,subject,59.0,0.0,accented,accented:vật lí x1=59.0,False
/Users/billcipher/Documents/7. HĐ ĐẶT CỌC MẪU 1062025.docx,7. HĐ ĐẶT CỌC MẪU 1062025,_Khong_phai_mon_hoc,non_subject,docx,88.0,body:hop dong x47=423.0; body:bien ban x2=16.0,_Khong_xac_dinh,unknown,0.0,0.0,accentless,,True
/Users/billcipher/Documents/7. N7. TIẾN HÓA-HS.pdf,7. N7. TIẾN HÓA-HS,Sinh_hoc,subject,pdfplumber,732.0,body:sinh hoc x7=112.0; body:ma di truyen x1=14.0; body:phien ma x1=13.0; body:dich ma x1=13.0; body:dot bien nhiem sac the x3=45.0; body:nhiem sac the x12=168.0; body:kieu hinh x3=33.0; body:dong hop x1=10.0; body:chon loc tu nhien x9=117.0; body:tien hoa sinh hoc x1=13.0,_Khong_xac_dinh,unknown,0.0,0.0,accentless,,True
/Users/billcipher/Documents/795298386-Bộ-Cau-Hỏi-VD-VDC-On-Thi-THPTQG-Mon-Toan-File-Đề.pdf,795298386-Bộ-Cau-Hỏi-VD-VDC-On-Thi-THPTQG-Mon-Toan-File-Đề,Toan,subject,filename,70.0,filename:mon toan x1=40.0; filename_alias:mon toan x1=30.0,Toan,subject,90.28,0.0,accentless,accentless:mon toan x1=54.3; accentless:toan x1=36.0,False
/Users/billcipher/Documents/795298536-Đap-An-Tư-Duy-Nhiệt-VL-VNA.pdf,795298536-Đap-An-Tư-Duy-Nhiệt-VL-VNA,Vat_ly,subject,pdfplumber,102.0,body:vat li x1=16.0; body:dien tro x3=27.0; body:nhiet luong x5=45.0; body:mo hinh dong hoc phan tu x1=14.0,_Khong_xac_dinh,unknown,0.0,0.0,accentless,,True
/Users/billcipher/Documents/BAI 10 TUAN HOAN O DONG VAT.pdf,BAI 10 TUAN HOAN O DONG VAT,Sinh_hoc,subject,pdfplumber,110.0,body:he tuan hoan x11=110.0,_Khong_xac_dinh,unknown,0.0,0.0,accentless,,True
/Users/billcipher/Documents/BAI 14 KHAI QUAT VE CAM UNG O SINH VAT.pdf,BAI 14 KHAI QUAT VE CAM UNG O SINH VAT,_Can_kiem_tra,conflict,pdfplumber,35.0,body:mang te bao x1=12.0; body:quang hop x1=13.0; body:he than kinh x1=10.0,Sinh_hoc,subject,36.0,0.0,accentless,accentless:sinh x1=36.0,True
/Users/billcipher/Documents/BÀI 12.docx,BÀI 12,Lich_su,subject,docx,167.0,body:lich su x4=64.0; body:vuong trieu x1=10.0; body:thuc dan phap x3=39.0; body:nha nguyen x1=10.0; body:lien hop quoc x1=10.0; body:su hoc x1=10.0; body:bao ve to quoc x1=11.0; body:chu quyen bien dao x1=13.0,_Khong_xac_dinh,unknown,0.0,0.0,accentless,,True
/Users/billcipher/Documents/BÀI 19.pdf,BÀI 19,Vat_ly,subject,pdfplumber,11.0,body:phong xa x1=11.0,_Khong_xac_dinh,unknown,0.0,0.0,accentless,,True
/Users/billcipher/Documents/BÀI 22.pdf,BÀI 22,_Khong_xac_dinh,unknown,pdfplumber,0.0,,_Khong_xac_dinh,unknown,0.0,0.0,accentless,,False
/Users/billcipher/Documents/BÀI 24.pdf,BÀI 24,Sinh_hoc,subject,pdfplumber,39.0,body:nguyen phan x1=13.0; body:giam phan x1=13.0; body:chu ki te bao x1=13.0,_Khong_xac_dinh,unknown,0.0,0.0,accentless,,True
/Users/billcipher/Documents/BÀI-TẬP-CHUYÊN-ĐỀ-QUY-HOẠCH-ĐỘNG.pdf,BÀI-TẬP-CHUYÊN-ĐỀ-QUY-HOẠCH-ĐỘNG,Tin_hoc,subject,pdfplumber,84.0,body:thuat toan x3=42.0; body:do phuc tap thuat toan x3=42.0,_Khong_xac_dinh,unknown,0.0,0.0,accentless,,True
/Users/billcipher/Documents/BÁO CÁO NGHIÊN CỨU KHOA HỌC KỸ THUẬT 02 .pdf,BÁO CÁO NGHIÊN CỨU KHOA HỌC KỸ THUẬT 02 ,Tin_hoc,subject,pdfplumber,418.0,body:tin hoc x2=32.0; body:lap trinh x6=78.0; body:ngon ngu lap trinh x1=14.0; body:thuat toan x2=28.0; body:python x4=44.0; body:cau truc du lieu x1=14.0; body:co so du lieu x4=52.0; body:html x2=20.0; body:tin hoc ung dung x1=14.0; body:tri tue nhan tao x1=14.0,_Khong_xac_dinh,unknown,0.0,0.0,accentless,,True
/Users/billcipher/Documents/BỘ GIÁO DỤC VÀ ĐÀO TẠO.docx,BỘ GIÁO DỤC VÀ ĐÀO TẠO,Tieng_Anh,subject,docx,90.0,body:tieng anh x1=18.0; body:mark the letter x6=60.0; body:opposite in meaning x1=12.0,_Khong_xac_dinh,unknown,0.0,0.0,accentless,,True
/Users/billcipher/Documents/BT số lần bom vl 12 chuong 2. .pdf,BT số lần bom vl 12 chuong 2. ,Vat_ly,subject,pdfplumber,72.0,body:vat ly x1=16.0; body:dien tich x7=56.0,_Khong_xac_dinh,unknown,0.0,0.0,accentless,,True
/Users/billcipher/Documents/Bai 17 Cam ung o dong vat (1).pdf,Bai 17 Cam ung o dong vat (1),Sinh_hoc,subject,pdfplumber,155.0,body:te bao nhan thuc x1=13.0; body:mang te bao x6=72.0; body:he tieu hoa x1=10.0; body:he than kinh x6=60.0,_Khong_xac_dinh,unknown,0.0,0.0,accentless,,True
/Users/billcipher/Documents/Bai 17 Cam ung o dong vat.pdf,Bai 17 Cam ung o dong vat,Sinh_hoc,subject,pdfplumber,155.0,body:te bao nhan thuc x1=13.0; body:mang te bao x6=72.0; body:he tieu hoa x1=10.0; body:he than kinh x6=60.0,_Khong_xac_dinh,unknown,0.0,0.0,accentless,,True
/Users/billcipher/Documents/Bai 20.pdf,Bai 20,Ngu_van,subject,pdfplumber,65.0,body:thanh phan cau x1=10.0; body:tuồng x5=55.0,_Khong_xac_dinh,unknown,0.0,0.0,accentless,,True
/Users/billcipher/Documents/Bai 25 Sinh san o thuc vat.pdf,Bai 25 Sinh san o thuc vat,Sinh_hoc,subject,pdfplumber,262.0,body:sinh hoc x4=64.0; body:nhan te bao x1=12.0; body:nguyen phan x4=52.0; body:giam phan x6=78.0; body:nhiem sac the x3=42.0; body:bo nhiem sac the luong boi x1=14.0,Sinh_hoc,subject,36.0,0.0,accentless,accentless:sinh x1=36.0,False
/Users/billcipher/Documents/Bai 27 Sinh san o dong vat.pdf,Bai 27 Sinh san o dong vat,Sinh_hoc,subject,pdfplumber,171.0,body:nguyen phan x2=26.0; body:giam phan x3=39.0; body:nhiem sac the x4=56.0; body:bo nhiem sac the luong boi x2=28.0; body:he than kinh x1=10.0; body:enzyme x1=12.0,Sinh_hoc,subject,36.0,0.0,accentless,accentless:sinh x1=36.0,False
/Users/billcipher/Documents/Bai cham_12T1. 12T4. lần 1. hs1 chung_14-1-2026.pdf,Bai cham_12T1. 12T4. lần 1. hs1 chung_14-1-2026,_Khong_xac_dinh,unknown,pdfplumber,0.0,,_Khong_xac_dinh,unknown,0.0,0.0,accentless,,False
/Users/billcipher/Documents/Bai cham_12T1.4 lan 2-3_14-1-2026 (1).pdf,Bai cham_12T1.4 lan 2-3_14-1-2026 (1),_Khong_xac_dinh,unknown,pdfplumber,0.0,,_Khong_xac_dinh,unknown,0.0,0.0,accentless,,False
/Users/billcipher/Documents/Bai cham_12T1.4 lan 2-3_14-1-2026.pdf,Bai cham_12T1.4 lan 2-3_14-1-2026,_Khong_xac_dinh,unknown,pdfplumber,0.0,,_Khong_xac_dinh,unknown,0.0,0.0,accentless,,False
/Users/billcipher/Documents/Bai cham_GK 2- K12_17-3-2026.pdf,Bai cham_GK 2- K12_17-3-2026,_Khong_xac_dinh,unknown,pdfplumber,0.0,,_Khong_xac_dinh,unknown,0.0,0.0,accentless,,False
/Users/billcipher/Documents/Bai cham_Hoá 11 HK2_12-5-2025.pdf,Bai cham_Hoá 11 HK2_12-5-2025,_Khong_xac_dinh,unknown,pdfplumber,0.0,,Hoa_hoc,subject,38.0,0.0,accented,accented:hoá x1=38.0,True
/Users/billcipher/Documents/Bao_Cao_So_Lieu.docx,Bao_Cao_So_Lieu,Toan,subject,docx,296.0,body:thong ke x4=40.0; body:trung vi x2=20.0; body:tu phan vi x9=99.0; body:phuong sai x4=44.0; body:do lech chuan x3=33.0; body:mau so lieu x6=60.0,_Khong_xac_dinh,unknown,0.0,0.0,accentless,,True
/Users/billcipher/Documents/Bao_Cao_So_Lieu.pdf,Bao_Cao_So_Lieu,Toan,subject,pdfplumber,286.0,body:thong ke x4=40.0; body:trung vi x2=20.0; body:tu phan vi x9=99.0; body:phuong sai x4=44.0; body:do lech chuan x3=33.0; body:mau so lieu x5=50.0,_Khong_xac_dinh,unknown,0.0,0.0,accentless,,True
/Users/billcipher/Documents/Bài 1.docx,Bài 1,Lich_su,subject,docx,825.0,body:lich su x4=64.0; body:lich su the gioi x1=14.0; body:chien tranh the gioi x5=65.0; body:chien tranh lanh x4=56.0; body:trat tu the gioi hai cuc x1=14.0; body:lien hop quoc x54=540.0; body:asean x6=72.0,_Khong_xac_dinh,unknown,0.0,0.0,accentless,,True
/Users/billcipher/Documents/Bài 18.pdf,Bài 18,Hoa_hoc,subject,pdfplumber,32.0,body:hoa hoc x2=32.0,_Khong_xac_dinh,unknown,0.0,0.0,accentless,,True
/Users/billcipher/Documents/Bài 2.docx,Bài 2,Lich_su,subject,docx,830.0,body:lich su x1=16.0; body:cach mang thang tam x1=15.0; body:lich su the gioi x1=14.0; body:chien tranh the gioi x6=78.0; body:cach mang cong nghiep x1=12.0; body:phong trao giai phong dan toc x1=14.0; body:chien tranh lanh x12=168.0; body:trat tu the gioi hai cuc x28=392.0; body:lien hop quoc x4=40.0; body:hoi nghi ianta x2=28.0,_Khong_xac_dinh,unknown,0.0,0.0,accentless,,True
/Users/billcipher/Documents/Bài 4.docx,Bài 4,Lich_su,subject,docx,2287.0,body:lich su x4=64.0; body:chien tranh the gioi x1=13.0; body:chien tranh lanh x9=126.0; body:trat tu the gioi hai cuc x1=14.0; body:lien hop quoc x3=30.0; body:asean x170=2040.0,_Khong_xac_dinh,unknown,0.0,0.0,accentless,,True
/Users/billcipher/Documents/Bài 5 (1).docx,Bài 5 (1),Lich_su,subject,docx,1712.0,body:lich su x2=32.0; body:asean x140=1680.0,_Khong_xac_dinh,unknown,0.0,0.0,accentless,,True
/Users/billcipher/Documents/Bài 5.docx,Bài 5,Ngu_van,subject,docx,352.0,body:tuồng x32=352.0,_Khong_xac_dinh,unknown,0.0,0.0,accentless,,True
/Users/billcipher/Documents/Bài 7 CUỘC KHÁNG CHIẾN CHỐNG THỰC DÂN PHÁP.docx,Bài 7 CUỘC KHÁNG CHIẾN CHỐNG THỰC DÂN PHÁP,Lich_su,subject,filename,32.5,filename:thuc dan phap x1=32.5,Lich_su,subject,59.84,0.0,accentless,accentless:thuc dan phap x1=59.8,False
/Users/billcipher/Documents/Bài Nghị Luận - Ý Kiến Trái Ngược .pdf,Bài Nghị Luận - Ý Kiến Trái Ngược ,Ngu_van,subject,pdfplumber,55.0,body:tuồng x5=55.0,_Khong_xac_dinh,unknown,0.0,0.0,accentless,,True
/Users/billcipher/Documents/Bài thuyết trình nghị luận về một bức tranh nổi tiếng(NGOẠI LAI) (1).docx,Bài thuyết trình nghị luận về một bức tranh nổi tiếng(NGOẠI LAI) (1),Ngu_van,subject,docx,120.0,body:kich noi x1=10.0; body:tuồng x2=22.0; body:bi kich x8=88.0,_Khong_xac_dinh,unknown,0.0,0.0,accentless,,True
/Users/billcipher/Documents/Bài thuyết trình nghị luận về một bức tranh nổi tiếng(NGOẠI LAI) (2).docx,Bài thuyết trình nghị luận về một bức tranh nổi tiếng(NGOẠI LAI) (2),Ngu_van,subject,docx,153.0,body:kich noi x1=10.0; body:tuồng x2=22.0; body:bi kich x11=121.0,_Khong_xac_dinh,unknown,0.0,0.0,accentless,,True
/Users/billcipher/Documents/Bài thuyết trình nghị luận về một bức tranh nổi tiếng(NGOẠI LAI) (2).pdf,Bài thuyết trình nghị luận về một bức tranh nổi tiếng(NGOẠI LAI) (2),Ngu_van,subject,pdfplumber,153.0,body:kich noi x1=10.0; body:tuồng x2=22.0; body:bi kich x11=121.0,_Khong_xac_dinh,unknown,0.0,0.0,accentless,,True
/Users/billcipher/Documents/Bài thuyết trình nghị luận về một bức tranh nổi tiếng(NGOẠI LAI).docx,Bài thuyết trình nghị luận về một bức tranh nổi tiếng(NGOẠI LAI),Ngu_van,subject,docx,76.0,body:kich noi x1=10.0; body:tuồng x1=11.0; body:bi kich x5=55.0,_Khong_xac_dinh,unknown,0.0,0.0,accentless,,True
/Users/billcipher/Documents/Báo cáo nghiên cứu  KHKT_02.pdf,Báo cáo nghiên cứu  KHKT_02,Tin_hoc,subject,pdfplumber,343.0,body:tin hoc x2=32.0; body:lap trinh x4=52.0; body:ngon ngu lap trinh x1=14.0; body:thuat toan x2=28.0; body:python x4=44.0; body:cau truc du lieu x1=14.0; body:co so du lieu x3=39.0; body:html x2=20.0; body:tin hoc ung dung x1=14.0; body:tri tue nhan tao x1=14.0,_Khong_xac_dinh,unknown,0.0,0.0,accentless,,True
/Users/billcipher/Documents/Báo cáo nghiên cứu về Chợ nổi Trà Ôn ..docx,Báo cáo nghiên cứu về Chợ nổi Trà Ôn .,Ngu_van,subject,docx,44.0,body:tuồng x4=44.0,_Khong_xac_dinh,unknown,0.0,0.0,accentless,,True
/Users/billcipher/Documents/Bản sao (TỜ 71) 68 CÂU LÝ THUYẾT HÓA HỌC CHUYÊN BIỆT ESTER-ĐỀ.docx,Bản sao (TỜ 71) 68 CÂU LÝ THUYẾT HÓA HỌC CHUYÊN BIỆT ESTER-ĐỀ,Hoa_hoc,subject,filename,130.0,filename:hoa hoc x1=40.0; filename:ester x1=30.0; filename_alias:hoa x1=30.0; filename_alias:hoa hoc x1=30.0,Hoa_hoc,subject,64.9,0.0,accented,accented:hóa học x1=64.9,False
/Users/billcipher/Documents/Bo-20-de-thi-thu-TN-THPT-2025-Tin-hay.pdf,Bo-20-de-thi-thu-TN-THPT-2025-Tin-hay,Tin_hoc,subject,pdfplumber,519.0,body:tin hoc x4=64.0; body:mon tin x2=36.0; body:mon tin hoc x2=36.0; body:lap trinh x3=39.0; body:thuat toan x10=140.0; body:python x2=22.0; body:sap xep noi bot x3=39.0; body:co so du lieu x1=13.0; body:sql x1=11.0; body:khoa chinh x1=12.0,_Khong_xac_dinh,unknown,0.0,0.0,accentless,,True
/Users/billcipher/Documents/CAU HOI ON THI GIUA HOC KY 1.docx,CAU HOI ON THI GIUA HOC KY 1,Lich_su,subject,docx,1009.0,body:trieu dai phong kien x1=12.0; body:cach mang thang tam x1=15.0; body:thuc dan phap x1=13.0; body:dang cong san viet nam x2=26.0; body:nha nguyen x1=10.0; body:chien tranh the gioi x8=104.0; body:cach mang cong nghiep x3=36.0; body:cach mang tu san x42=504.0; body:chu nghia thuc dan x6=72.0; body:phong trao giai phong dan toc x4=56.0,_Khong_xac_dinh,unknown,0.0,0.0,accentless,,True
/Users/billcipher/Documents/CD_2_Mua_Do.pdf,CD_2_Mua_Do,Ngu_van,subject,pdfplumber,384.0,body:ngu van x1=16.0; body:van hoc x5=60.0; body:tieu thuyet x10=100.0; body:an du x1=10.0; body:su thi x1=11.0; body:cheo x1=11.0; body:tuồng x13=143.0; body:bi kich x3=33.0,_Khong_xac_dinh,unknown,0.0,0.0,accentless,,True
/Users/billcipher/Documents/CHO_NOI.docx,CHO_NOI,Ngu_van,subject,docx,22.0,body:tuồng x2=22.0,_Khong_xac_dinh,unknown,0.0,0.0,accentless,,True
/Users/billcipher/Documents/CHUYEN_DE_PHAN_TICH_CAU_TRUC_DE_THI_TN_TIN_HOC_2024-2025-NTLIEN_1ce2a.docx,CHUYEN_DE_PHAN_TICH_CAU_TRUC_DE_THI_TN_TIN_HOC_2024-2025-NTLIEN_1ce2a,Tin_hoc,subject,docx,4578.0,body:tin hoc x41=656.0; body:mon tin x8=144.0; body:mon tin hoc x8=144.0; body:lap trinh x22=286.0; body:ngon ngu lap trinh x5=70.0; body:thuat toan x4=56.0; body:python x34=374.0; body:kieu du lieu x2=24.0; body:cau truc du lieu x1=14.0; body:stack x1=10.0,Tin_hoc,subject,90.28,0.0,accentless,accentless:tin hoc x1=54.3; accentless:tin x1=36.0,False
/Users/billcipher/Documents/CÔNG VĂN TĂNG CƯỜNG LƯỢT QUAN TÂM ZALO OA.pdf,CÔNG VĂN TĂNG CƯỜNG LƯỢT QUAN TÂM ZALO OA,Ngu_van,subject,pdfplumber,44.0,body:tuồng x4=44.0,_Khong_xac_dinh,unknown,0.0,0.0,accentless,,True
/Users/billcipher/Documents/CamScanner 01-29-2023 15.12.pdf,CamScanner 01-29-2023 15.12,_Khong_xac_dinh,unknown,none,0.0,,_Khong_xac_dinh,unknown,0.0,0.0,accentless,,False
/Users/billcipher/Documents/Câu 1.docx,Câu 1,Lich_su,subject,docx,43.0,body:lich su x2=32.0; body:bao ve to quoc x1=11.0,_Khong_xac_dinh,unknown,0.0,0.0,accentless,,True
/Users/billcipher/Documents/Câu hỏi trắc nghiệm sử 11 mới (có đáp án) 2  bai 7- 8 - 9.docx,Câu hỏi trắc nghiệm sử 11 mới (có đáp án) 2  bai 7- 8 - 9,Lich_su,subject,filename,30.0,filename_alias:su x1=30.0,Lich_su,subject,34.0,0.0,accented,accented:sử x1=34.0,False
/Users/billcipher/Documents/Chñ.pdf,Chñ,_Khong_xac_dinh,unknown,pdfplumber,0.0,,_Khong_xac_dinh,unknown,0.0,0.0,accentless,,False
/Users/billcipher/Documents/Chủ đề 3 Bài 6.docx,Chủ đề 3 Bài 6,Lich_su,subject,docx,1788.0,body:lich su x26=416.0; body:lich su viet nam x1=14.0; body:cach mang thang tam x53=795.0; body:tong khoi nghia x21=273.0; body:hiep dinh paris x1=14.0; body:thuc dan phap x2=26.0; body:dang cong san viet nam x1=13.0; body:mat tran viet minh x2=26.0; body:ho chi minh x8=96.0; body:vo nguyen giap x2=26.0,_Khong_xac_dinh,unknown,0.0,0.0,accentless,,True
/Users/billcipher/Documents/Competitive-Programming-Advanced_-Version1.pdf,Competitive-Programming-Advanced_-Version1,Vat_ly,subject,pdfplumber,92.0,body:dien tich x9=72.0; body:tu dien x2=20.0,_Khong_xac_dinh,unknown,0.0,0.0,accentless,,True
/Users/billcipher/Documents/Copy of Form GAP-CTO2026.pdf,Copy of Form GAP-CTO2026,_Khong_xac_dinh,unknown,none,0.0,,_Khong_xac_dinh,unknown,0.0,0.0,accentless,,False
/Users/billcipher/Documents/DẠNG 2. BÀI TOÁN THANH KIM LOẠI CHUYỂN ĐỘNG TRONG MẶT PHẲNG CẮT CÁC ĐƯỜNG SỨC TỪ copy.pdf,DẠNG 2. BÀI TOÁN THANH KIM LOẠI CHUYỂN ĐỘNG TRONG MẶT PHẲNG CẮT CÁC ĐƯỜNG SỨC TỪ copy,Toan,subject,filename,30.0,filename_alias:toan x1=30.0,Toan,subject,40.0,0.0,accented,accented:toán x1=40.0,False
/Users/billcipher/Documents/DẠNG 2. BÀI TOÁN THANH KIM LOẠI CHUYỂN ĐỘNG TRONG MẶT PHẲNG CẮT CÁC ĐƯỜNG SỨC TỪ.pdf,DẠNG 2. BÀI TOÁN THANH KIM LOẠI CHUYỂN ĐỘNG TRONG MẶT PHẲNG CẮT CÁC ĐƯỜNG SỨC TỪ,Toan,subject,filename,30.0,filename_alias:toan x1=30.0,Toan,subject,40.0,0.0,accented,accented:toán x1=40.0,False
/Users/billcipher/Documents/DẠNG 3. LỰC TỪ TÁC DỤNG LÊN KHUNG DÂY.pdf,DẠNG 3. LỰC TỪ TÁC DỤNG LÊN KHUNG DÂY,Vat_ly,subject,filename,25.0,filename:luc tu x1=25.0,Vat_ly,subject,47.2,0.0,accentless,accentless:luc tu x1=47.2,False
/Users/billcipher/Documents/DE 04 hs.docx,DE 04 hs,Toan,subject,docx,334.0,body:dao ham x2=28.0; body:ham so x34=306.0,_Khong_xac_dinh,unknown,0.0,0.0,accentless,,True
/Users/billcipher/Documents/DE CUONG TIN 12 GK2_1.docx,DE CUONG TIN 12 GK2_1,Tin_hoc,subject,filename,30.0,filename_alias:tin x1=30.0,Tin_hoc,subject,36.0,0.0,accentless,accentless:tin x1=36.0,False
/Users/billcipher/Documents/DE CUONG ck 1GRADE 11.docx,DE CUONG ck 1GRADE 11,Lich_su,subject,docx,528.0,body:history x6=96.0; body:ho chi minh x1=12.0; body:asean x35=420.0,_Khong_xac_dinh,unknown,0.0,0.0,accentless,,True
/Users/billcipher/Documents/DE ghki huan01n30-10.docx,DE ghki huan01n30-10,Toan,subject,docx,380.0,body:tap xac dinh x1=9.0; body:ham so x6=54.0; body:phuong trinh bac x1=10.0; body:cap so cong x1=11.0; body:cap so nhan x9=99.0; body:day so x5=45.0; body:thong ke x1=10.0; body:trung vi x2=20.0; body:tu phan vi x2=22.0; body:mau so lieu x10=100.0,_Khong_xac_dinh,unknown,0.0,0.0,accentless,,True
/Users/billcipher/Documents/DE10 HS.pdf,DE10 HS,Toan,subject,pdfplumber,348.0,body:dao ham x3=42.0; body:ham so x34=306.0,_Khong_xac_dinh,unknown,0.0,0.0,accentless,,True
/Users/billcipher/Documents/DapAn__KTGK2-VL11-2024-2025.pdf,DapAn__KTGK2-VL11-2024-2025,Vat_ly,subject,pdfplumber,16.0,body:vat li x1=16.0,_Khong_xac_dinh,unknown,0.0,0.0,accentless,,True
/Users/billcipher/Documents/DapAn__VL11.pdf,DapAn__VL11,Vat_ly,subject,pdfplumber,16.0,body:vat li x1=16.0,_Khong_xac_dinh,unknown,0.0,0.0,accentless,,True
/Users/billcipher/Documents/Dàn ý Conan movie 6 (1).docx,Dàn ý Conan movie 6 (1),Lich_su,subject,docx,48.0,body:lich su x3=48.0,_Khong_xac_dinh,unknown,0.0,0.0,accentless,,True
/Users/billcipher/Documents/Dàn ý Conan movie 6.docx,Dàn ý Conan movie 6,Lich_su,subject,docx,48.0,body:lich su x3=48.0,_Khong_xac_dinh,unknown,0.0,0.0,accentless,,True
/Users/billcipher/Documents/Dàn ý HỒN TRƯƠNG BA (1).docx,Dàn ý HỒN TRƯƠNG BA (1),Ngu_van,subject,docx,54.0,body:cot truyen x1=10.0; body:tuồng x3=33.0; body:bi kich x1=11.0,_Khong_xac_dinh,unknown,0.0,0.0,accentless,,True
/Users/billcipher/Documents/Dàn ý HỒN TRƯƠNG BA.docx,Dàn ý HỒN TRƯƠNG BA,Ngu_van,subject,docx,54.0,body:cot truyen x1=10.0; body:tuồng x3=33.0; body:bi kich x1=11.0,_Khong_xac_dinh,unknown,0.0,0.0,accentless,,True
/Users/billcipher/Documents/De HDC chon DT HSG QG nam hoc 20212022.pdf,De HDC chon DT HSG QG nam hoc 20212022,Tin_hoc,subject,pdfplumber,135.0,body:tin hoc x1=16.0; body:mon tin x1=18.0; body:mon tin hoc x1=18.0; body:lap trinh x1=13.0; body:ngon ngu lap trinh x1=14.0; body:thuat toan x1=14.0; body:pascal x2=24.0; body:do thi x2=18.0,_Khong_xac_dinh,unknown,0.0,0.0,accentless,,True
/Users/billcipher/Documents/De dap an HSG cap tinh THPT nam hoc 20222023.pdf,De dap an HSG cap tinh THPT nam hoc 20222023,_Khong_xac_dinh,unknown,none,0.0,,_Khong_xac_dinh,unknown,0.0,0.0,accentless,,False
"/Users/billcipher/Documents/De on TN t5,2026 (kđa).docx","De on TN t5,2026 (kđa)",Ngu_van,subject,docx,207.0,body:van hoc x2=24.0; body:truyen ngan x3=33.0; body:ngoi ke x1=10.0; body:doc hieu x6=66.0; body:tuồng x2=22.0; body:viet bai van nghi luan x4=52.0,_Khong_xac_dinh,unknown,0.0,0.0,accentless,,True
/Users/billcipher/Documents/Doc1.docx,Doc1,_Khong_xac_dinh,unknown,docx,0.0,,_Khong_xac_dinh,unknown,0.0,0.0,accentless,,False
/Users/billcipher/Documents/Doc1.pdf,Doc1,_Khong_xac_dinh,unknown,pymupdf,0.0,,_Khong_xac_dinh,unknown,0.0,0.0,accentless,,False
/Users/billcipher/Documents/EBOOK CHINH PHỤC HOÁ HỮU CƠ LỚP 12 THẦY PHẠM VĂN TRỌNG.pdf,EBOOK CHINH PHỤC HOÁ HỮU CƠ LỚP 12 THẦY PHẠM VĂN TRỌNG,Hoa_hoc,subject,filename,62.5,filename:hoa huu co x1=32.5; filename_alias:huu co x1=30.0,Hoa_hoc,subject,71.96,0.0,accentless,accentless:huu co x1=54.3; accentless:hoa huu co x1=17.7,False
/Users/billcipher/Documents/EBOOK CHINH PHỤC HOÁ VÔ CƠ LỚP 12 THẦY PHẠM VĂN TRỌNG.pdf,EBOOK CHINH PHỤC HOÁ VÔ CƠ LỚP 12 THẦY PHẠM VĂN TRỌNG,Hoa_hoc,subject,filename,62.5,filename:hoa vo co x1=32.5; filename_alias:vo co x1=30.0,Hoa_hoc,subject,71.96,0.0,accentless,accentless:vo co x1=54.3; accentless:hoa vo co x1=17.7,False
/Users/billcipher/Documents/FINAL_LVT_KNN.pdf,FINAL_LVT_KNN,Ngu_van,subject,pdfplumber,155.0,body:van hoc x1=12.0; body:tuồng x13=143.0,_Khong_xac_dinh,unknown,0.0,0.0,accentless,,True
/Users/billcipher/Documents/FInal.pdf,FInal,Ngu_van,subject,pdfplumber,207.0,body:ngu van x1=16.0; body:van hoc x4=48.0; body:tuồng x13=143.0,_Khong_xac_dinh,unknown,0.0,0.0,accentless,,True
/Users/billcipher/Documents/Form GAP-CTO2026.xlsx  [Read-Only].pdf,Form GAP-CTO2026.xlsx  [Read-Only],_Khong_xac_dinh,unknown,none,0.0,,_Khong_xac_dinh,unknown,0.0,0.0,accentless,,False
/Users/billcipher/Documents/GCN Nguyễn Quốc Đạt.pdf,GCN Nguyễn Quốc Đạt,_Khong_phai_mon_hoc,non_subject,pdfplumber,0.0,body:hop dong x1=9.0,_Khong_xac_dinh,unknown,0.0,0.0,accentless,,True
/Users/billcipher/Documents/GHK1 NGAY 2-11.docx,GHK1 NGAY 2-11,Toan,subject,docx,160.0,body:tap xac dinh x1=9.0; body:ham so x2=18.0; body:cap so cong x4=44.0; body:cap so nhan x4=44.0; body:day so x5=45.0,_Khong_xac_dinh,unknown,0.0,0.0,accentless,,True
/Users/billcipher/Documents/GIUA HK2_Tin 12 dieu chinh.docx,GIUA HK2_Tin 12 dieu chinh,Tin_hoc,subject,docx,1310.0,body:tin hoc x1=16.0; body:mon tin x1=18.0; body:mon tin hoc x1=18.0; body:he dieu hanh x8=88.0; body:html x52=520.0; body:css x60=540.0; body:javascript x10=110.0,Tin_hoc,subject,36.0,0.0,accentless,accentless:tin x1=36.0,False
/Users/billcipher/Documents/GV TEST 1 UNIT 1 2 3.docx,GV TEST 1 UNIT 1 2 3,Tieng_Anh,subject,docx,191.0,body:english x1=18.0; body:pronunciation x1=11.0; body:choose the word x1=10.0; body:mark the letter x8=80.0; body:closest in meaning x1=12.0; body:opposite in meaning x1=12.0; body:global success x4=48.0,_Khong_xac_dinh,unknown,0.0,0.0,accentless,,True
/Users/billcipher/Documents/GV TEST 2 UNIT 123.docx,GV TEST 2 UNIT 123,Tieng_Anh,subject,docx,135.0,body:pronunciation x1=11.0; body:mark the letter x10=100.0; body:closest in meaning x1=12.0; body:opposite in meaning x1=12.0,_Khong_xac_dinh,unknown,0.0,0.0,accentless,,True
/Users/billcipher/Documents/GV TEST 3 UNIT 123.docx,GV TEST 3 UNIT 123,Lich_su,subject,docx,130.0,body:history x1=16.0; body:ho chi minh x9=108.0; body:the ky x1=6.0,_Khong_xac_dinh,unknown,0.0,0.0,accentless,,True
/Users/billcipher/Documents/GV TEST CKI.docx,GV TEST CKI,Tieng_Anh,subject,docx,133.0,body:pronunciation x1=11.0; body:mark the letter x11=110.0; body:closest in meaning x1=12.0,_Khong_xac_dinh,unknown,0.0,0.0,accentless,,True
/Users/billcipher/Documents/Giai thuat va lap trinh_LeMinhHoang - chuyentin.pro.pdf,Giai thuat va lap trinh_LeMinhHoang - chuyentin.pro,Tin_hoc,subject,pdfplumber,55.0,body:lap trinh x1=13.0; body:thuat toan x2=28.0; body:tim kiem nhi phan x1=14.0,Tin_hoc,subject,54.28,0.0,accentless,accentless:lap trinh x1=54.3,False
/Users/billcipher/Documents/HỒN TRƯƠNG BA (1).docx,HỒN TRƯƠNG BA (1),Ngu_van,subject,docx,98.0,body:cot truyen x1=10.0; body:tuồng x5=55.0; body:bi kich x3=33.0,_Khong_xac_dinh,unknown,0.0,0.0,accentless,,True
/Users/billcipher/Documents/HỌP ĐỒNG LAO ĐỘNG - HIỀN (1).docx,HỌP ĐỒNG LAO ĐỘNG - HIỀN (1),_Khong_phai_mon_hoc,non_subject,docx,10.0,filename:hop dong x1=22.5; body:hop dong x18=162.0,_Khong_xac_dinh,unknown,0.0,0.0,accentless,,True
/Users/billcipher/Documents/HỌP ĐỒNG LAO ĐỘNG - HIỀN.docx,HỌP ĐỒNG LAO ĐỘNG - HIỀN,_Khong_phai_mon_hoc,non_subject,docx,10.0,filename:hop dong x1=22.5; body:hop dong x18=162.0,_Khong_xac_dinh,unknown,0.0,0.0,accentless,,True
/Users/billcipher/Documents/HỌP ĐỒNG LAO ĐỘNG - HIỆP (1).docx,HỌP ĐỒNG LAO ĐỘNG - HIỆP (1),_Khong_phai_mon_hoc,non_subject,docx,10.0,filename:hop dong x1=22.5; body:hop dong x18=162.0,_Khong_xac_dinh,unknown,0.0,0.0,accentless,,True
/Users/billcipher/Documents/HỌP ĐỒNG LAO ĐỘNG - HIỆP.docx,HỌP ĐỒNG LAO ĐỘNG - HIỆP,_Khong_phai_mon_hoc,non_subject,docx,10.0,filename:hop dong x1=22.5; body:hop dong x18=162.0,_Khong_xac_dinh,unknown,0.0,0.0,accentless,,True
/Users/billcipher/Documents/HỌP ĐỒNG LAO ĐỘNG.docx,HỌP ĐỒNG LAO ĐỘNG,_Khong_phai_mon_hoc,non_subject,docx,10.0,filename:hop dong x1=22.5; body:hop dong x18=162.0,_Khong_xac_dinh,unknown,0.0,0.0,accentless,,True
/Users/billcipher/Documents/HXH.docx,HXH,Ngu_van,subject,docx,234.0,body:van hoc x5=60.0; body:nguyen du x1=12.0; body:an du x3=30.0; body:tuồng x12=132.0,_Khong_xac_dinh,unknown,0.0,0.0,accentless,,True
/Users/billcipher/Documents/HXH.pdf,HXH,Ngu_van,subject,pdfplumber,234.0,body:van hoc x5=60.0; body:nguyen du x1=12.0; body:an du x3=30.0; body:tuồng x12=132.0,_Khong_xac_dinh,unknown,0.0,0.0,accentless,,True
/Users/billcipher/Documents/Hệ thống tuyển sinh trực tuyến (1).pdf,Hệ thống tuyển sinh trực tuyến (1),_Can_kiem_tra,conflict,pdfplumber,18.0,body:tieng anh x1=18.0,Sinh_hoc,subject,38.0,0.0,accented,accented:sinh x1=38.0,True
/Users/billcipher/Documents/Hồn Trương Ba.docx,Hồn Trương Ba,Ngu_van,subject,docx,110.0,body:van hoc x1=12.0; body:cot truyen x1=10.0; body:tuồng x6=66.0; body:bi kich x2=22.0,_Khong_xac_dinh,unknown,0.0,0.0,accentless,,True
/Users/billcipher/Documents/II.docx,II,Sinh_hoc,subject,docx,380.0,body:nguyen phan x7=91.0; body:giam phan x9=117.0; body:gen x3=27.0; body:nhiem sac the x3=42.0; body:bo nhiem sac the luong boi x2=28.0; body:kieu gen x2=22.0; body:kieu hinh x1=11.0; body:hoocmon sinh truong x1=12.0; body:he than kinh x3=30.0,_Khong_xac_dinh,unknown,0.0,0.0,accentless,,True
/Users/billcipher/Documents/Ivan_final.pdf,Ivan_final,Ngu_van,subject,pdfplumber,142.0,body:kich noi x1=10.0; body:tuồng x2=22.0; body:bi kich x10=110.0,_Khong_xac_dinh,unknown,0.0,0.0,accentless,,True
/Users/billcipher/Documents/KẾ HOẠCH BÀI DẠY STEM_NGHIỆP.pdf,KẾ HOẠCH BÀI DẠY STEM_NGHIỆP,Tin_hoc,subject,pdfplumber,160.0,body:tin hoc x6=96.0; body:mon tin x1=18.0; body:mon tin hoc x1=18.0; body:tin hoc ung dung x2=28.0,_Khong_xac_dinh,unknown,0.0,0.0,accentless,,True
/Users/billcipher/Documents/KH Bai day Chuyen de 2 - VL11( Bai 4^J5^J6).docx745.docx,KH Bai day Chuyen de 2 - VL11( Bai 4^J5^J6).docx745,Vat_ly,subject,docx,37.0,body:vat li x1=16.0; body:buoc song x1=9.0; body:tan so dao dong x1=12.0,_Khong_xac_dinh,unknown,0.0,0.0,accentless,,True
/Users/billcipher/Documents/KIẾN THỨC NỀN.pdf,KIẾN THỨC NỀN,Ngu_van,subject,pdfplumber,275.0,body:tuồng x25=275.0,_Khong_xac_dinh,unknown,0.0,0.0,accentless,,True
/Users/billcipher/Documents/Ke3YTf-iwy0lau001dj-1775739262422.pdf,Ke3YTf-iwy0lau001dj-1775739262422,Vat_ly,subject,pdfplumber,471.0,body:vat li x3=48.0; body:chuyen dong tron x1=11.0; body:dong nang x3=27.0; body:co nang x7=70.0; body:dien tich x3=24.0; body:cuong do dong dien x1=13.0; body:dien tro x1=9.0; body:tu truong x4=52.0; body:tu thong x3=36.0; body:luc tu x2=20.0,_Khong_xac_dinh,unknown,0.0,0.0,accentless,,True
/Users/billcipher/Documents/Kích thước 1 tấm ảnh mẫu.docx,Kích thước 1 tấm ảnh mẫu,_Khong_xac_dinh,unknown,docx,0.0,,_Khong_xac_dinh,unknown,0.0,0.0,accentless,,False
"/Users/billcipher/Documents/LICH KIEM TRA HK2-K10,11(DIEU CHINH).docx","LICH KIEM TRA HK2-K10,11(DIEU CHINH)",_Can_kiem_tra,conflict,docx,32.0,body:vat ly x2=32.0,_Khong_xac_dinh,unknown,0.0,0.0,accentless,,True
/Users/billcipher/Documents/LTCT Tân Cương 12N11Đ đoàn ghép lẻ 8 ng ( Bản Chuẩn) 20.5.pdf,LTCT Tân Cương 12N11Đ đoàn ghép lẻ 8 ng ( Bản Chuẩn) 20.5,Lich_su,subject,pdfplumber,24.0,body:ho chi minh x2=24.0,_Khong_xac_dinh,unknown,0.0,0.0,accentless,,True
/Users/billcipher/Documents/LỤC VÂN TIÊN VÀ KIỀU NGUYỆT NGA.docx,LỤC VÂN TIÊN VÀ KIỀU NGUYỆT NGA,Ngu_van,subject,docx,207.0,body:ngu van x1=16.0; body:van hoc x4=48.0; body:tuồng x13=143.0,_Khong_xac_dinh,unknown,0.0,0.0,accentless,,True
/Users/billcipher/Documents/LVT_KNN.docx,LVT_KNN,Ngu_van,subject,docx,189.0,body:van hoc x2=24.0; body:tuồng x15=165.0,_Khong_xac_dinh,unknown,0.0,0.0,accentless,,True
/Users/billcipher/Documents/LVT_KNN.pdf,LVT_KNN,Ngu_van,subject,pdfplumber,224.0,body:van hoc x4=48.0; body:tuồng x16=176.0,_Khong_xac_dinh,unknown,0.0,0.0,accentless,,True
/Users/billcipher/Documents/LVT_KNN_1.pdf,LVT_KNN_1,Ngu_van,subject,pdfplumber,189.0,body:van hoc x2=24.0; body:tuồng x15=165.0,_Khong_xac_dinh,unknown,0.0,0.0,accentless,,True
/Users/billcipher/Documents/MA TRẬN  VÀ BẢN ĐẶC TẢ ĐỀ KIỂM TRA.pdf,MA TRẬN  VÀ BẢN ĐẶC TẢ ĐỀ KIỂM TRA,Tieng_Anh,subject,filename,30.0,filename_alias:ta x1=30.0,Tieng_Anh,subject,36.0,10.62,accentless,accentless:ta x1=36.0,False
/Users/billcipher/Documents/MA TRẬN VÀ ĐẶC TẢ ĐỀ KT GHK II K12.docx,MA TRẬN VÀ ĐẶC TẢ ĐỀ KT GHK II K12,Tieng_Anh,subject,filename,30.0,filename_alias:ta x1=30.0,Tieng_Anh,subject,36.0,10.62,accentless,accentless:ta x1=36.0,False
/Users/billcipher/Documents/MA TRẬN ĐỀ KIỂM TRA TOÁN 11 GIỮA HỌC KỲ 1.docx,MA TRẬN ĐỀ KIỂM TRA TOÁN 11 GIỮA HỌC KỲ 1,Toan,subject,filename,52.5,filename:ma tran x1=22.5; filename_alias:toan x1=30.0,Toan,subject,40.0,0.0,accented,accented:toán x1=40.0,False
/Users/billcipher/Documents/MAIIIIIII.docx,MAIIIIIII,Ngu_van,subject,docx,98.0,body:cot truyen x3=30.0; body:van ban nghi luan x1=13.0; body:tuồng x2=22.0; body:bi kich x3=33.0,_Khong_xac_dinh,unknown,0.0,0.0,accentless,,True
/Users/billcipher/Documents/Ma trận đề KT giữa HK1-VL12.docx,Ma trận đề KT giữa HK1-VL12,Toan,subject,filename,22.5,filename:ma tran x1=22.5,_Khong_xac_dinh,unknown,10.62,0.0,accentless,accentless:ma tran x1=10.6,True
/Users/billcipher/Documents/Mau-so-01-TNDN_final.docx,Mau-so-01-TNDN_final,_Khong_phai_mon_hoc,non_subject,docx,0.0,body:hoa don x1=9.0,_Khong_xac_dinh,unknown,0.0,0.0,accentless,,True
/Users/billcipher/Documents/NGUYỄN QUỐC ĐẠT.pdf,NGUYỄN QUỐC ĐẠT,Tin_hoc,subject,pdfplumber,16.0,body:tin hoc x1=16.0,_Khong_xac_dinh,unknown,0.0,0.0,accentless,,True
/Users/billcipher/Documents/NHOM_1.docx,NHOM_1,_Khong_xac_dinh,unknown,docx,0.0,,_Khong_xac_dinh,unknown,0.0,0.0,accentless,,False
/Users/billcipher/Documents/NHOM_2.docx,NHOM_2,Tin_hoc,subject,docx,9.0,body:do thi x1=9.0,_Khong_xac_dinh,unknown,0.0,0.0,accentless,,True
/Users/billcipher/Documents/NHOM_3.docx,NHOM_3,Tin_hoc,subject,docx,9.0,body:css x1=9.0,_Khong_xac_dinh,unknown,0.0,0.0,accentless,,True
/Users/billcipher/Documents/NHOM_4.docx,NHOM_4,_Khong_xac_dinh,unknown,docx,0.0,,_Khong_xac_dinh,unknown,0.0,0.0,accentless,,False
"/Users/billcipher/Documents/NHÓM 1, 2, 3, 4_stem.docx","NHÓM 1, 2, 3, 4_stem",Ngu_van,subject,docx,11.0,body:tuồng x1=11.0,_Khong_xac_dinh,unknown,0.0,0.0,accentless,,True
/Users/billcipher/Documents/NUÔI TINH THỂ ALUM (1).docx,NUÔI TINH THỂ ALUM (1),Hoa_hoc,subject,docx,530.0,body:hoa hoc x7=112.0; body:cau hinh electron x1=13.0; body:lien ket ion x21=231.0; body:phuong trinh hoa hoc x1=14.0; body:nacl x16=160.0,_Khong_xac_dinh,unknown,0.0,0.0,accentless,,True
/Users/billcipher/Documents/New DOCX Document (1).docx,New DOCX Document (1),_Can_kiem_tra,conflict,docx,16.0,body:hoa hoc x1=16.0,_Khong_xac_dinh,unknown,0.0,0.0,accentless,,True
/Users/billcipher/Documents/New DOCX Document.docx,New DOCX Document,_Can_kiem_tra,conflict,docx,16.0,body:hoa hoc x1=16.0,_Khong_xac_dinh,unknown,0.0,0.0,accentless,,True
/Users/billcipher/Documents/Nghị luận về vấn đề bạo lực gia đình.docx,Nghị luận về vấn đề bạo lực gia đình,Ngu_van,subject,filename,30.0,filename_alias:van x1=30.0,Ngu_van,subject,36.0,0.0,accentless,accentless:van x1=36.0,False
/Users/billcipher/Documents/Nỗi niềm vấn vương của KNN.docx,Nỗi niềm vấn vương của KNN,Ngu_van,subject,docx,23.0,body:van hoc x1=12.0; body:tuồng x1=11.0,_Khong_xac_dinh,unknown,0.0,0.0,accentless,,True
/Users/billcipher/Documents/OLP23 Solution Khối Không chuyên.pdf,OLP23 Solution Khối Không chuyên,Vat_ly,subject,pdfplumber,16.0,body:dien tich x2=16.0,_Khong_xac_dinh,unknown,0.0,0.0,accentless,,True
/Users/billcipher/Documents/OLP23_Dethihongchuyen_CD.pdf,OLP23_Dethihongchuyen_CD,Ngu_van,subject,pdfplumber,154.0,body:cheo x1=11.0; body:tuồng x13=143.0,_Khong_xac_dinh,unknown,0.0,0.0,accentless,,True
/Users/billcipher/Documents/ON THI GIUA HK 2- 11 (1).docx,ON THI GIUA HK 2- 11 (1),Lich_su,subject,docx,208.0,body:lich su x1=16.0; body:khang chien chong my x1=14.0; body:nha nguyen x2=20.0; body:lien hop quoc x2=20.0; body:su hoc x4=40.0; body:bao ve to quoc x2=22.0; body:chu quyen bien dao x5=65.0; body:di san van hoa x1=11.0,_Khong_xac_dinh,unknown,0.0,0.0,accentless,,True
/Users/billcipher/Documents/ON THI GIUA HK 2- 11 (1).pdf,ON THI GIUA HK 2- 11 (1),Lich_su,subject,pdfplumber,119.0,body:lich su x1=16.0; body:khang chien chong my x1=14.0; body:nha nguyen x1=10.0; body:lien hop quoc x2=20.0; body:bao ve to quoc x2=22.0; body:chu quyen bien dao x2=26.0; body:di san van hoa x1=11.0,_Khong_xac_dinh,unknown,0.0,0.0,accentless,,True
/Users/billcipher/Documents/ON THI GIUA HK 2- 11.docx,ON THI GIUA HK 2- 11,Lich_su,subject,docx,208.0,body:lich su x1=16.0; body:khang chien chong my x1=14.0; body:nha nguyen x2=20.0; body:lien hop quoc x2=20.0; body:su hoc x4=40.0; body:bao ve to quoc x2=22.0; body:chu quyen bien dao x5=65.0; body:di san van hoa x1=11.0,_Khong_xac_dinh,unknown,0.0,0.0,accentless,,True
/Users/billcipher/Documents/ON THI GIUA HK 2- 11.pdf,ON THI GIUA HK 2- 11,Lich_su,subject,pdfplumber,92.0,body:khang chien chong my x1=14.0; body:nha nguyen x2=20.0; body:lien hop quoc x1=10.0; body:bao ve to quoc x1=11.0; body:chu quyen bien dao x2=26.0; body:di san van hoa x1=11.0,_Khong_xac_dinh,unknown,0.0,0.0,accentless,,True
"/Users/billcipher/Documents/ONLY MA TRẬN, BẢNG ĐẶC TẢ E 12 GHKI 25-26 THỦY AV.docx","ONLY MA TRẬN, BẢNG ĐẶC TẢ E 12 GHKI 25-26 THỦY AV",Toan,subject,filename,22.5,filename:ma tran x1=22.5,_Khong_xac_dinh,unknown,10.62,0.0,accentless,accentless:ma tran x1=10.6,True
/Users/billcipher/Documents/On TN- thang3(2025-26) k dap an.pdf,On TN- thang3(2025-26) k dap an,Ngu_van,subject,pdfplumber,201.0,body:van hoc x1=12.0; body:nguyen du x1=12.0; body:kim lan x1=12.0; body:truyen ngan x2=22.0; body:ngoi ke x2=20.0; body:doc hieu x1=11.0; body:van ban nghi luan x1=13.0; body:tuồng x9=99.0,_Khong_xac_dinh,unknown,0.0,0.0,accentless,,True
/Users/billcipher/Documents/ÔN TẬP HK 1.pdf,ÔN TẬP HK 1,Sinh_hoc,subject,pdfplumber,1294.0,body:sinh hoc x2=32.0; body:mon sinh x1=18.0; body:mon sinh hoc x1=18.0; body:nhan te bao x1=12.0; body:nguyen phan x6=78.0; body:giam phan x9=117.0; body:gen x1=9.0; body:phien ma x6=78.0; body:dich ma x4=52.0; body:dot bien nhiem sac the x3=45.0,_Khong_xac_dinh,unknown,0.0,0.0,accentless,,True
/Users/billcipher/Documents/ÔN TẬP THI HK2 TOÁN 11.docx,ÔN TẬP THI HK2 TOÁN 11,Toan,subject,filename,30.0,filename_alias:toan x1=30.0,Toan,subject,40.0,0.0,accented,accented:toán x1=40.0,False
/Users/billcipher/Documents/PDFsam_merge.pdf,PDFsam_merge,Hoa_hoc,subject,pdfplumber,345.0,body:hoa hoc x1=16.0; body:phuong trinh hoa hoc x1=14.0; body:naoh x2=24.0; body:cuo x3=30.0; body:alcohol x3=33.0; body:aldehyde x14=168.0; body:ketone x5=60.0,_Khong_xac_dinh,unknown,0.0,0.0,accentless,,True
/Users/billcipher/Documents/PHIẾU ĐĂNG KÝ DỰ THI.pdf,PHIẾU ĐĂNG KÝ DỰ THI,Ngu_van,subject,pdfplumber,22.0,body:tuồng x2=22.0,_Khong_xac_dinh,unknown,0.0,0.0,accentless,,True
/Users/billcipher/Documents/POSTER STEM 43_1.pdf,POSTER STEM 43_1,_Khong_xac_dinh,unknown,pdfplumber,0.0,,_Khong_xac_dinh,unknown,0.0,0.0,accentless,,False
/Users/billcipher/Documents/PVHOI 5 ngay 1.pdf,PVHOI 5 ngay 1,Tin_hoc,subject,pdfplumber,66.0,body:tin hoc x1=16.0; body:lap trinh x2=26.0; body:ngon ngu lap trinh x1=14.0; body:stack x1=10.0,_Khong_xac_dinh,unknown,0.0,0.0,accentless,,True
/Users/billcipher/Documents/PVHOI 5 ngay 2.pdf,PVHOI 5 ngay 2,Tin_hoc,subject,pdfplumber,75.0,body:tin hoc x1=16.0; body:lap trinh x2=26.0; body:ngon ngu lap trinh x1=14.0; body:stack x1=10.0; body:do thi x1=9.0,_Khong_xac_dinh,unknown,0.0,0.0,accentless,,True
/Users/billcipher/Documents/Phan 1 TN chương sóng. đề.pdf,Phan 1 TN chương sóng. đề,Vat_ly,subject,pdfplumber,317.0,body:co hoc x1=10.0; body:van toc x1=8.0; body:cong huong x1=10.0; body:song co hoc x1=12.0; body:buoc song x19=171.0; body:bien do dao dong x5=60.0; body:tan so dao dong x1=12.0; body:nhieu xa x1=10.0; body:photon x2=24.0,_Khong_xac_dinh,unknown,0.0,0.0,accentless,,True
/Users/billcipher/Documents/Phân tích phim Thám Tử Lừng Danh Conan Bóng Ma Đường Baker.docx,Phân tích phim Thám Tử Lừng Danh Conan Bóng Ma Đường Baker,Lich_su,subject,docx,70.0,body:lich su x4=64.0; body:the ky x1=6.0,_Khong_xac_dinh,unknown,0.0,0.0,accentless,,True
/Users/billcipher/Documents/PreVOI 18-11-2025.pdf,PreVOI 18-11-2025,Tin_hoc,subject,pdfplumber,118.0,body:tin hoc x1=16.0; body:mon tin x1=18.0; body:mon tin hoc x1=18.0; body:lap trinh x2=26.0; body:ngon ngu lap trinh x1=14.0; body:thuat toan x1=14.0; body:pascal x1=12.0,_Khong_xac_dinh,unknown,0.0,0.0,accentless,,True
/Users/billcipher/Documents/PreVOI 19-11-2025.pdf,PreVOI 19-11-2025,Ngu_van,subject,pdfplumber,22.0,body:tuồng x2=22.0,_Khong_xac_dinh,unknown,0.0,0.0,accentless,,True
/Users/billcipher/Documents/QUESTIONS.pdf,QUESTIONS,Ngu_van,subject,pdfplumber,128.0,body:van hoc x3=36.0; body:truyen kieu x1=14.0; body:nguyen du x1=12.0; body:tuồng x4=44.0; body:bi kich x2=22.0,_Khong_xac_dinh,unknown,0.0,0.0,accentless,,True
/Users/billcipher/Documents/Quan Âm Thị Kính.docx,Quan Âm Thị Kính,Ngu_van,subject,docx,88.0,body:van hoc x1=12.0; body:cot truyen x1=10.0; body:truyen tho x2=22.0; body:tuồng x4=44.0,_Khong_xac_dinh,unknown,0.0,0.0,accentless,,True
/Users/billcipher/Documents/REVIEW 1 BAM BANG DAC TA TIENG ANH 12 GHKI 25-26 THUY.docx,REVIEW 1 BAM BANG DAC TA TIENG ANH 12 GHKI 25-26 THUY,Tieng_Anh,subject,filename,105.0,filename:tieng anh x1=45.0; filename_alias:anh x1=30.0; filename_alias:tieng anh x1=30.0,Tieng_Anh,subject,90.28,0.0,accentless,accentless:tieng anh x1=54.3; accentless:anh x1=36.0,False
/Users/billcipher/Documents/SOẠN ĐỀ THAM KHẢO BÀI THƠ+ TRUYỆN .pdf,SOẠN ĐỀ THAM KHẢO BÀI THƠ+ TRUYỆN ,Ngu_van,subject,pdfplumber,153.0,body:nam cao x2=24.0; body:ngoi ke x3=30.0; body:doc hieu x2=22.0; body:tuồng x5=55.0; body:bi kich x2=22.0,_Khong_xac_dinh,unknown,0.0,0.0,accentless,,True
/Users/billcipher/Documents/SOẠN ĐỀ THAM KHẢO THƠ .pdf,SOẠN ĐỀ THAM KHẢO THƠ ,Ngu_van,subject,pdfplumber,204.0,body:tho tu do x1=10.0; body:an du x4=40.0; body:doc hieu x2=22.0; body:tuồng x12=132.0,_Khong_xac_dinh,unknown,0.0,0.0,accentless,,True
/Users/billcipher/Documents/Sa01-HKD.pdf,Sa01-HKD,_Khong_xac_dinh,unknown,pdfplumber,0.0,,_Khong_xac_dinh,unknown,0.0,0.0,accentless,,False
/Users/billcipher/Documents/Scan2024-12-01_144048.pdf,Scan2024-12-01_144048,_Khong_xac_dinh,unknown,none,0.0,,_Khong_xac_dinh,unknown,0.0,0.0,accentless,,False
/Users/billcipher/Documents/Scan2025-02-13_222150.pdf,Scan2025-02-13_222150,_Khong_xac_dinh,unknown,none,0.0,,_Khong_xac_dinh,unknown,0.0,0.0,accentless,,False
/Users/billcipher/Documents/Scan2025-12-25_101010.pdf,Scan2025-12-25_101010,_Khong_xac_dinh,unknown,none,0.0,,_Khong_xac_dinh,unknown,0.0,0.0,accentless,,False
/Users/billcipher/Documents/Scan2025-12-25_104427.pdf,Scan2025-12-25_104427,_Khong_xac_dinh,unknown,none,0.0,,_Khong_xac_dinh,unknown,0.0,0.0,accentless,,False
/Users/billcipher/Documents/Scan2026-04-04_042608.pdf,Scan2026-04-04_042608,_Khong_xac_dinh,unknown,none,0.0,,_Khong_xac_dinh,unknown,0.0,0.0,accentless,,False
/Users/billcipher/Documents/Scan2026-06-16_155447.pdf,Scan2026-06-16_155447,_Khong_xac_dinh,unknown,none,0.0,,_Khong_xac_dinh,unknown,0.0,0.0,accentless,,False
/Users/billcipher/Documents/Scan2026-06-18_154147.pdf,Scan2026-06-18_154147,_Khong_xac_dinh,unknown,none,0.0,,_Khong_xac_dinh,unknown,0.0,0.0,accentless,,False
/Users/billcipher/Documents/Scan2026-06-19_093330.pdf,Scan2026-06-19_093330,_Khong_xac_dinh,unknown,none,0.0,,_Khong_xac_dinh,unknown,0.0,0.0,accentless,,False
/Users/billcipher/Documents/Soạn bài Hai quan niệm về gia đình và xã hội.docx,Soạn bài Hai quan niệm về gia đình và xã hội,Ngu_van,subject,docx,21.0,body:cot truyen x1=10.0; body:tuồng x1=11.0,_Khong_xac_dinh,unknown,0.0,0.0,accentless,,True
/Users/billcipher/Documents/Soạn bài Hai quan niệm về gia đình và xã hội.pdf,Soạn bài Hai quan niệm về gia đình và xã hội,Ngu_van,subject,pdfplumber,21.0,body:cot truyen x1=10.0; body:tuồng x1=11.0,_Khong_xac_dinh,unknown,0.0,0.0,accentless,,True
/Users/billcipher/Documents/Specialized School-book in Computer Science (Bai giang chuyen de tin hoc).pdf,Specialized School-book in Computer Science (Bai giang chuyen de tin hoc),Tin_hoc,subject,filename,100.0,filename:tin hoc x1=40.0; filename_alias:tin x1=30.0; filename_alias:tin hoc x1=30.0,Tin_hoc,subject,90.28,0.0,accentless,accentless:tin hoc x1=54.3; accentless:tin x1=36.0,False
/Users/billcipher/Documents/TCCS1.docx,TCCS1,Ngu_van,subject,docx,176.0,body:tuồng x16=176.0,_Khong_xac_dinh,unknown,0.0,0.0,accentless,,True
/Users/billcipher/Documents/TCCS2.docx,TCCS2,Lich_su,subject,docx,163.0,body:lich su x3=48.0; body:ho chi minh x2=24.0; body:cach mang cong nghiep x3=36.0; body:lien hop quoc x2=20.0; body:cong cuoc doi moi x1=13.0; body:bao ve to quoc x2=22.0,_Khong_xac_dinh,unknown,0.0,0.0,accentless,,True
/Users/billcipher/Documents/THI THU 13-3-2025.pdf,THI THU 13-3-2025,Toan,subject,pdfplumber,9.0,body:ham so x1=9.0,_Khong_xac_dinh,unknown,0.0,0.0,accentless,,True
/Users/billcipher/Documents/TIN HOC-HSG NAM 2025.docx,TIN HOC-HSG NAM 2025,Tin_hoc,subject,filename,70.0,filename:tin hoc x1=40.0; filename_alias:tin hoc x1=30.0,Tin_hoc,subject,90.28,0.0,accentless,accentless:tin hoc x1=54.3; accentless:tin x1=36.0,False
/Users/billcipher/Documents/Tài liệu (11)_1.docx,Tài liệu (11)_1,Vat_ly,subject,docx,110.0,body:tesla x11=110.0,_Khong_xac_dinh,unknown,0.0,0.0,accentless,,True
/Users/billcipher/Documents/Tài liệu (7).pdf,Tài liệu (7),Ngu_van,subject,pdfplumber,222.0,body:tho tu do x3=30.0; body:an du x2=20.0; body:ngoi ke x4=40.0; body:tuồng x12=132.0,_Khong_xac_dinh,unknown,0.0,0.0,accentless,,True
/Users/billcipher/Documents/Tài liệu không có tiêu đề.pdf,Tài liệu không có tiêu đề,Ngu_van,subject,pdfplumber,76.0,body:cot truyen x1=10.0; body:than thoai x1=11.0; body:tuồng x5=55.0,_Khong_xac_dinh,unknown,0.0,0.0,accentless,,True
/Users/billcipher/Documents/Tài liệu_1.pdf,Tài liệu_1,Ngu_van,subject,pdfplumber,54.0,body:ngoi ke x1=10.0; body:tuồng x4=44.0,_Khong_xac_dinh,unknown,0.0,0.0,accentless,,True
/Users/billcipher/Documents/Tạp Hoá.docx,Tạp Hoá,Hoa_hoc,subject,filename,30.0,filename_alias:hoa x1=30.0,Hoa_hoc,subject,36.0,0.0,accentless,accentless:hoa x1=36.0,False
/Users/billcipher/Documents/Tỉnh  BÁO CÁO NGHIÊN CỨU KHOA HỌC KỸ THUẬT.docx,Tỉnh  BÁO CÁO NGHIÊN CỨU KHOA HỌC KỸ THUẬT,Tin_hoc,subject,docx,1045.0,body:tin hoc x4=64.0; body:lap trinh x11=143.0; body:ngon ngu lap trinh x6=84.0; body:thuat toan x1=14.0; body:python x28=308.0; body:cau truc du lieu x4=56.0; body:co so du lieu x13=169.0; body:truy van du lieu x1=13.0; body:html x2=20.0; body:tin hoc ung dung x1=14.0,_Khong_xac_dinh,unknown,0.0,0.0,accentless,,True
/Users/billcipher/Documents/Tỉnh 22_11 BÁO CÁO NGHIÊN CỨU KHOA HỌC KỸ THUẬT (1).docx,Tỉnh 22_11 BÁO CÁO NGHIÊN CỨU KHOA HỌC KỸ THUẬT (1),Tin_hoc,subject,docx,1154.0,body:tin hoc x4=64.0; body:lap trinh x13=169.0; body:ngon ngu lap trinh x6=84.0; body:thuat toan x3=42.0; body:python x26=286.0; body:cau truc du lieu x5=70.0; body:co so du lieu x16=208.0; body:truy van du lieu x1=13.0; body:html x2=20.0; body:tin hoc ung dung x1=14.0,_Khong_xac_dinh,unknown,0.0,0.0,accentless,,True
/Users/billcipher/Documents/Tôi Thấy Hoa Vàng Trên Cỏ Xanh.docx,Tôi Thấy Hoa Vàng Trên Cỏ Xanh,Ngu_van,subject,docx,234.0,body:van hoc x5=60.0; body:cot truyen x2=20.0; body:tuồng x14=154.0,_Khong_xac_dinh,unknown,0.0,0.0,accentless,,True
/Users/billcipher/Documents/TranhLuan.pdf,TranhLuan,Ngu_van,subject,pdfplumber,44.0,body:tuồng x3=33.0; body:bi kich x1=11.0,_Khong_xac_dinh,unknown,0.0,0.0,accentless,,True
/Users/billcipher/Documents/Trà Sữa.docx,Trà Sữa,_Khong_xac_dinh,unknown,docx,0.0,,_Khong_xac_dinh,unknown,0.0,0.0,accentless,,False
/Users/billcipher/Documents/Trong cuộc sống mỗi người.pdf,Trong cuộc sống mỗi người,Ngu_van,subject,pdfplumber,79.0,body:nghi luan xa hoi x1=13.0; body:tuồng x6=66.0,_Khong_xac_dinh,unknown,0.0,0.0,accentless,,True
/Users/billcipher/Documents/V-SAT 2025 - Hóa học (đề 1).pdf,V-SAT 2025 - Hóa học (đề 1),Hoa_hoc,subject,filename,100.0,filename:hoa hoc x1=40.0; filename_alias:hoa x1=30.0; filename_alias:hoa hoc x1=30.0,Hoa_hoc,subject,64.9,0.0,accented,accented:hóa học x1=64.9,False
/Users/billcipher/Documents/V-SAT 2025 - Vật lý (đề 1).pdf,V-SAT 2025 - Vật lý (đề 1),Vat_ly,subject,filename,70.0,filename:vat ly x1=40.0; filename_alias:vat ly x1=30.0,Vat_ly,subject,59.0,0.0,accented,accented:vật lý x1=59.0,False
/Users/billcipher/Documents/VNno1_2026_Thi_thử_lần_1_Final_3.2.pdf,VNno1_2026_Thi_thử_lần_1_Final_3.2,Lich_su,subject,pdfplumber,240.0,body:asean x20=240.0,_Khong_xac_dinh,unknown,0.0,0.0,accentless,,True
/Users/billcipher/Documents/VNno1_2026_Thi_thử_lần_1_Final_3.2_Full_key.pdf,VNno1_2026_Thi_thử_lần_1_Final_3.2_Full_key,Ngu_van,subject,pdfplumber,138.0,body:an du x2=20.0; body:hoan du x1=10.0; body:diep ngu x2=22.0; body:ngoi ke x1=10.0; body:tuồng x6=66.0; body:noi va nghe x1=10.0,_Khong_xac_dinh,unknown,0.0,0.0,accentless,,True
/Users/billcipher/Documents/VNno1_2026_Thi_thử_lần_2_Final_1.1.pdf,VNno1_2026_Thi_thử_lần_2_Final_1.1,Ngu_van,subject,pdfplumber,279.0,body:van hoc x1=12.0; body:nguyen du x2=24.0; body:to huu x1=12.0; body:an du x4=40.0; body:hoan du x1=10.0; body:nhan hoa x3=27.0; body:truyen tho x1=11.0; body:than thoai x2=22.0; body:cheo x1=11.0; body:tuồng x10=110.0,_Khong_xac_dinh,unknown,0.0,0.0,accentless,,True
/Users/billcipher/Documents/Văn bản thoả thuận phân chia tiền trong những người đồng sở hữu- đồng thừa kế.docx,Văn bản thoả thuận phân chia tiền trong những người đồng sở hữu- đồng thừa kế,_Khong_xac_dinh,unknown,docx,0.0,,_Khong_xac_dinh,unknown,0.0,0.0,accentless,,False
/Users/billcipher/Documents/Văn phòng phẩm.docx,Văn phòng phẩm,_Khong_xac_dinh,unknown,docx,0.0,,_Khong_xac_dinh,unknown,0.0,0.0,accentless,,False
/Users/billcipher/Documents/Video đánh giá 1.docx,Video đánh giá 1,Ngu_van,subject,docx,172.0,body:tieu thuyet x4=40.0; body:tuồng x12=132.0,_Khong_xac_dinh,unknown,0.0,0.0,accentless,,True
/Users/billcipher/Documents/Video đánh giá 2.docx,Video đánh giá 2,Ngu_van,subject,docx,120.0,body:tieu thuyet x1=10.0; body:tuồng x10=110.0,_Khong_xac_dinh,unknown,0.0,0.0,accentless,,True
/Users/billcipher/Documents/Vũ Trọng Phụng.docx,Vũ Trọng Phụng,Ngu_van,subject,docx,468.0,body:van hoc x21=252.0; body:nam cao x1=12.0; body:ngo tat to x1=12.0; body:truyen ngan x3=33.0; body:tieu thuyet x6=60.0; body:tuồng x9=99.0,_Khong_xac_dinh,unknown,0.0,0.0,accentless,,True
/Users/billcipher/Documents/[LS12] - BÃI 12. HOáº T Äá»NG Äá»I NGOáº I Cá»¦A VIá»T NAM TRONG Äáº¤U TRANH GIÃNH Äá»C Láº¬P DÃN Tá»C  (CÃ³ ÄÃ¡p Ã¡n chuáº©n) - Tiktok@thptqg2025 copy.pdf,[LS12] - BÃI 12. HOáº T Äá»NG Äá»I NGOáº I Cá»¦A VIá»T NAM TRONG Äáº¤U TRANH GIÃNH Äá»C Láº¬P DÃN Tá»C  (CÃ³ ÄÃ¡p Ã¡n chuáº©n) - Tiktok@thptqg2025 copy,Lich_su,subject,pdfplumber,554.0,body:lich su x11=176.0; body:mon lich su x2=36.0; body:cach mang thang tam x2=30.0; body:thuc dan phap x1=13.0; body:mat tran viet minh x4=52.0; body:ho chi minh x7=84.0; body:nguyen ai quoc x6=78.0; body:chien tranh the gioi x2=26.0; body:phong trao giai phong dan toc x1=14.0; body:the ky x2=12.0,_Khong_xac_dinh,unknown,0.0,0.0,accentless,,True
/Users/billcipher/Documents/[Vật Lí 12] - Bộ 15 Đề Trúng Tủ Cuối Học Kì 1 - Đề Số 9.pdf,[Vật Lí 12] - Bộ 15 Đề Trúng Tủ Cuối Học Kì 1 - Đề Số 9,Vat_ly,subject,filename,70.0,filename:vat li x1=40.0; filename_alias:vat li x1=30.0,Vat_ly,subject,59.0,0.0,accented,accented:vật lí x1=59.0,False
/Users/billcipher/Documents/att.6SNH0EwUQ9vJ5R-CeJNy1yQ2eJYp0DxP0ehmUN5kTx4.JPG.pdf,att.6SNH0EwUQ9vJ5R-CeJNy1yQ2eJYp0DxP0ehmUN5kTx4.JPG,_Khong_xac_dinh,unknown,none,0.0,,_Khong_xac_dinh,unknown,0.0,0.0,accentless,,False
/Users/billcipher/Documents/bai 15 Cam ung o thuc vat.pdf,bai 15 Cam ung o thuc vat,Hoa_hoc,subject,pdfplumber,64.0,body:hoa hoc x4=64.0,_Khong_xac_dinh,unknown,0.0,0.0,accentless,,True
/Users/billcipher/Documents/bai_6_vatlyCD.docx,bai_6_vatlyCD,Vat_ly,subject,docx,19.0,body:dien tro x1=9.0; body:nhieu xa x1=10.0,_Khong_xac_dinh,unknown,0.0,0.0,accentless,,True
/Users/billcipher/Documents/bai_7_vatlyCD.docx,bai_7_vatlyCD,Vat_ly,subject,docx,273.0,body:vat li x3=48.0; body:dien tro x25=225.0,_Khong_xac_dinh,unknown,0.0,0.0,accentless,,True
/Users/billcipher/Documents/bia.docx,bia,_Khong_xac_dinh,unknown,docx,0.0,,_Khong_xac_dinh,unknown,0.0,0.0,accentless,,False
/Users/billcipher/Documents/bo-de-on-tap-mon-toan-11-theo-cau-truc-moi-pham-le-duy.pdf,bo-de-on-tap-mon-toan-11-theo-cau-truc-moi-pham-le-duy,Toan,subject,filename,70.0,filename:mon toan x1=40.0; filename_alias:mon toan x1=30.0,Toan,subject,90.28,0.0,accentless,accentless:mon toan x1=54.3; accentless:toan x1=36.0,False
/Users/billcipher/Documents/bt22052023.pdf,bt22052023,_Khong_xac_dinh,unknown,none,0.0,,_Khong_xac_dinh,unknown,0.0,0.0,accentless,,False
/Users/billcipher/Documents/chuong-13-ham-so-mu-ham-so-logarit-1773732249140.pdf,chuong-13-ham-so-mu-ham-so-logarit-1773732249140,Toan,subject,filename,75.0,filename:ham so x2=45.0; filename:logarit x1=30.0,Toan,subject,33.24,0.0,accentless,accentless:ham so x2=21.2; accentless:logarit x1=12.0,False
/Users/billcipher/Documents/chuong-14-quan-he-vuong-goc-song-song-trong-khong-gian-1773732269105.pdf,chuong-14-quan-he-vuong-goc-song-song-trong-khong-gian-1773732269105,Toan,subject,pdfplumber,108.0,body:hinh lang tru x2=24.0; body:hinh chop x3=36.0; body:the tich khoi x4=48.0,_Khong_xac_dinh,unknown,0.0,0.0,accentless,,True
/Users/billcipher/Documents/chuyen de k12.pdf,chuyen de k12,Vat_ly,subject,pdfplumber,1915.0,body:van toc x5=40.0; body:cong huong x1=10.0; body:hieu dien the x39=429.0; body:cuong do dong dien x23=299.0; body:dien tro x20=180.0; body:tu dien x12=120.0; body:cuon cam x9=99.0; body:mach dien xoay chieu x7=98.0; body:he so cong suat x3=36.0; body:tu truong x2=26.0,_Khong_xac_dinh,unknown,0.0,0.0,accentless,,True
/Users/billcipher/Documents/code5.docx,code5,Ngu_van,subject,docx,13.0,body:tat den x1=13.0,_Khong_xac_dinh,unknown,0.0,0.0,accentless,,True
/Users/billcipher/Documents/code6.docx,code6,_Khong_xac_dinh,unknown,docx,0.0,,_Khong_xac_dinh,unknown,0.0,0.0,accentless,,False
/Users/billcipher/Documents/cđ.pdf,cđ,Vat_ly,subject,pdfplumber,1160.0,body:van toc x1=8.0; body:cong huong x7=70.0; body:hieu dien the x4=44.0; body:cuong do dong dien x22=286.0; body:dien tro x18=162.0; body:tu dien x27=270.0; body:cuon cam x9=99.0; body:mach dien xoay chieu x8=112.0; body:tu truong x1=13.0; body:tu thong x1=12.0,_Khong_xac_dinh,unknown,0.0,0.0,accentless,,True
/Users/billcipher/Documents/dàn ý.docx,dàn ý,_Khong_xac_dinh,unknown,docx,0.0,,_Khong_xac_dinh,unknown,0.0,0.0,accentless,,False
/Users/billcipher/Documents/de 1 hk2 vl 12 hs.pdf,de 1 hk2 vl 12 hs,Vat_ly,subject,pdfplumber,478.0,body:vat ly x1=16.0; body:van toc x1=8.0; body:dong nang x4=36.0; body:dien tich x3=24.0; body:dien tro x3=27.0; body:tu truong x11=143.0; body:tu thong x4=48.0; body:cam ung dien tu x1=14.0; body:luc tu x4=40.0; body:phong xa x9=99.0,_Khong_xac_dinh,unknown,0.0,0.0,accentless,,True
/Users/billcipher/Documents/de ngay 5-5-2025 k11 HS.docx,de ngay 5-5-2025 k11 HS,Toan,subject,docx,379.0,body:tap xac dinh x1=9.0; body:ham so x1=9.0; body:bat phuong trinh x3=33.0; body:hinh chop x9=108.0; body:the tich khoi x2=24.0; body:xac suat x11=110.0; body:bien co x5=50.0; body:bien co doc lap x3=36.0,_Khong_xac_dinh,unknown,0.0,0.0,accentless,,True
/Users/billcipher/Documents/dethamkhaohk2-hoa12_34202515.pdf,dethamkhaohk2-hoa12_34202515,Hoa_hoc,subject,pdfplumber,350.0,body:hoa hoc x1=16.0; body:nguyen tu khoi x1=12.0; body:cau hinh electron x1=13.0; body:hoa tri x6=60.0; body:kim loai chuyen tiep x1=12.0; body:dien phan dung dich x2=26.0; body:an mon dien hoa x1=13.0; body:hop kim x2=16.0; body:naoh x10=120.0; body:hcl x1=10.0,_Khong_xac_dinh,unknown,0.0,0.0,accentless,,True
/Users/billcipher/Documents/don_xac_nhan_dang_theo_hoc.docx,don_xac_nhan_dang_theo_hoc,_Khong_xac_dinh,unknown,docx,0.0,,_Khong_xac_dinh,unknown,0.0,0.0,accentless,,False
/Users/billcipher/Documents/don_xac_nhan_dang_theo_hoc.pdf,don_xac_nhan_dang_theo_hoc,_Khong_xac_dinh,unknown,pdfplumber,0.0,,_Khong_xac_dinh,unknown,0.0,0.0,accentless,,False
/Users/billcipher/Documents/dotgrid.pdf,dotgrid,_Khong_xac_dinh,unknown,pdfplumber,0.0,,_Khong_xac_dinh,unknown,0.0,0.0,accentless,,False
/Users/billcipher/Documents/ezKLLd-chuong-12-ung-dung-dao-ham-de-khao-sat-do-thi-ham-so-1773732228146.pdf,ezKLLd-chuong-12-ung-dung-dao-ham-de-khao-sat-do-thi-ham-so-1773732228146,Toan,subject,filename,57.5,filename:dao ham x1=35.0; filename:ham so x1=22.5,Toan,subject,27.14,10.62,accentless,accentless:dao ham x1=16.5; accentless:ham so x1=10.6,False
/Users/billcipher/Documents/giay_xac_nhan_dang_theo_hoc.pdf,giay_xac_nhan_dang_theo_hoc,_Khong_xac_dinh,unknown,pdfplumber,0.0,,_Khong_xac_dinh,unknown,0.0,0.0,accentless,,False
/Users/billcipher/Documents/hsg-tinh-haugiang-2021.pdf,hsg-tinh-haugiang-2021,_Khong_xac_dinh,unknown,none,0.0,,_Khong_xac_dinh,unknown,0.0,0.0,accentless,,False
/Users/billcipher/Documents/hsg-tinh-haugiang-2122.pdf,hsg-tinh-haugiang-2122,_Khong_xac_dinh,unknown,none,0.0,,_Khong_xac_dinh,unknown,0.0,0.0,accentless,,False
/Users/billcipher/Documents/hsgTin2223.chauthanh.pdf,hsgTin2223.chauthanh,_Khong_xac_dinh,unknown,none,0.0,,_Khong_xac_dinh,unknown,0.0,0.0,accentless,,False
/Users/billcipher/Documents/hsgTin2223.chauthanh.test.pdf,hsgTin2223.chauthanh.test,_Khong_xac_dinh,unknown,none,0.0,,_Khong_xac_dinh,unknown,0.0,0.0,accentless,,False
/Users/billcipher/Documents/hung.png.pdf,hung.png,_Khong_xac_dinh,unknown,none,0.0,,_Khong_xac_dinh,unknown,0.0,0.0,accentless,,False
/Users/billcipher/Documents/mau-hop-dong-thue-nha-o.docx,mau-hop-dong-thue-nha-o,_Khong_phai_mon_hoc,non_subject,docx,112.0,filename:hop dong x1=22.5; body:hop dong x30=270.0,_Khong_xac_dinh,unknown,0.0,0.0,accentless,,True
/Users/billcipher/Documents/mục lục.pdf,mục lục,Tin_hoc,subject,pdfplumber,94.0,body:lap trinh x2=26.0; body:ngon ngu lap trinh x1=14.0; body:thuat toan x1=14.0; body:cau truc du lieu x1=14.0; body:co so du lieu x2=26.0,_Khong_xac_dinh,unknown,0.0,0.0,accentless,,True
/Users/billcipher/Documents/nội dung trên póster (Autosaved).docx,nội dung trên póster (Autosaved),Tin_hoc,subject,docx,86.0,body:lap trinh x1=13.0; body:python x2=22.0; body:co so du lieu x1=13.0; body:tri tue nhan tao x1=14.0; body:iot x2=24.0,_Khong_xac_dinh,unknown,0.0,0.0,accentless,,True
/Users/billcipher/Documents/ôn hk2 l2 (1).docx,ôn hk2 l2 (1),Toan,subject,docx,116.0,body:ham so x1=9.0; body:bat phuong trinh x2=22.0; body:hinh chop x3=36.0; body:the tich khoi x3=36.0; body:khoang cach tu diem den mat phang x1=13.0,_Khong_xac_dinh,unknown,0.0,0.0,accentless,,True
/Users/billcipher/Documents/ôn hk2 l2.docx,ôn hk2 l2,Toan,subject,docx,116.0,body:ham so x1=9.0; body:bat phuong trinh x2=22.0; body:hinh chop x3=36.0; body:the tich khoi x3=36.0; body:khoang cach tu diem den mat phang x1=13.0,_Khong_xac_dinh,unknown,0.0,0.0,accentless,,True
/Users/billcipher/Documents/ôn hk2 l3 lop 11 (1).docx,ôn hk2 l3 lop 11 (1),Toan,subject,docx,710.0,body:mon toan x4=64.0; body:bat phuong trinh x4=44.0; body:hinh chop x10=120.0; body:the tich khoi x2=24.0; body:xac suat x12=120.0; body:bien co x29=290.0; body:bien co doc lap x4=48.0,_Khong_xac_dinh,unknown,0.0,0.0,accentless,,True
/Users/billcipher/Documents/ôn hk2 l3 lop 11.docx,ôn hk2 l3 lop 11,Toan,subject,docx,710.0,body:mon toan x4=64.0; body:bat phuong trinh x4=44.0; body:hinh chop x10=120.0; body:the tich khoi x2=24.0; body:xac suat x12=120.0; body:bien co x29=290.0; body:bien co doc lap x4=48.0,_Khong_xac_dinh,unknown,0.0,0.0,accentless,,True
/Users/billcipher/Documents/ôn tập giữa kỳ 2.pdf,ôn tập giữa kỳ 2,Toan,subject,pdfplumber,36.0,body:hinh chop x3=36.0,_Khong_xac_dinh,unknown,0.0,0.0,accentless,,True
/Users/billcipher/Documents/pdf24_merged.pdf,pdf24_merged,Tin_hoc,subject,pdfplumber,220.0,body:tin hoc x4=64.0; body:mon tin x4=72.0; body:mon tin hoc x4=72.0; body:mang may tinh x1=12.0,_Khong_xac_dinh,unknown,0.0,0.0,accentless,,True
/Users/billcipher/Documents/poster_stem.pdf,poster_stem,Tin_hoc,subject,pdfplumber,42.0,body:html x2=20.0; body:css x1=9.0; body:thiet ke website x1=13.0,_Khong_xac_dinh,unknown,0.0,0.0,accentless,,True
/Users/billcipher/Documents/soạn ddàn ghita của lorcar.docx,soạn ddàn ghita của lorcar,Ngu_van,subject,docx,196.0,body:tho tu do x1=10.0; body:an du x1=10.0; body:tuồng x11=121.0; body:bi kich x5=55.0,_Khong_xac_dinh,unknown,0.0,0.0,accentless,,True
/Users/billcipher/Documents/soạn ddàn ghita của lorcar.pdf,soạn ddàn ghita của lorcar,Ngu_van,subject,pdfplumber,76.0,body:an du x1=10.0; body:tuồng x3=33.0; body:bi kich x3=33.0,_Khong_xac_dinh,unknown,0.0,0.0,accentless,,True
/Users/billcipher/Documents/stem-hóa.docx,stem-hóa,Hoa_hoc,subject,docx,225.0,body:hoa hoc x4=64.0; body:naoh x8=96.0; body:hcl x1=10.0; body:polymer x5=55.0,_Khong_xac_dinh,unknown,0.0,0.0,accentless,,True
/Users/billcipher/Documents/tai-lieu---bai-0306-100-cau-bai-tap-tu-luyen-1759242453503.pdf,tai-lieu---bai-0306-100-cau-bai-tap-tu-luyen-1759242453503,Vat_ly,subject,pdfplumber,960.0,body:van toc x5=40.0; body:tan so dao dong x1=12.0; body:dien tich x12=96.0; body:cuong do dong dien x24=312.0; body:mach dien xoay chieu x3=42.0; body:tu truong x16=208.0; body:tu thong x10=120.0; body:suat dien dong x10=130.0,_Khong_xac_dinh,unknown,0.0,0.0,accentless,,True
/Users/billcipher/Documents/tai-lieu---bang-dap-an-sach-phong-toa-hat-nhan-va-phong-xa-1774327497916.pdf,tai-lieu---bang-dap-an-sach-phong-toa-hat-nhan-va-phong-xa-1774327497916,Vat_ly,subject,filename,27.5,filename:phong xa x1=27.5,Vat_ly,subject,49.56,0.0,accentless,accentless:phong xa x1=49.6,False
/Users/billcipher/Documents/tai-lieu---de-tong-on-chuong-2---de-so-2-1753678181836.pdf,tai-lieu---de-tong-on-chuong-2---de-so-2-1753678181836,Ngu_van,subject,pdfplumber,143.0,body:tuồng x13=143.0,_Khong_xac_dinh,unknown,0.0,0.0,accentless,,True
/Users/billcipher/Documents/thuvienhoclieu.com-Bai-tap-trac-nghiem-xac-suat-theo-form-moi.docx,thuvienhoclieu.com-Bai-tap-trac-nghiem-xac-suat-theo-form-moi,Toan,subject,filename,55.0,filename:xac suat x1=25.0; filename_alias:xac suat x1=30.0,Toan,subject,54.28,0.0,accentless,accentless:xac suat x1=54.3,False
/Users/billcipher/Documents/tnmaker-1730877180463 (1).pdf,tnmaker-1730877180463 (1),_Khong_xac_dinh,unknown,pdfplumber,0.0,,_Khong_xac_dinh,unknown,0.0,0.0,accentless,,False
/Users/billcipher/Documents/tnmaker-1730877180463.pdf,tnmaker-1730877180463,_Khong_xac_dinh,unknown,pdfplumber,0.0,,_Khong_xac_dinh,unknown,0.0,0.0,accentless,,False
/Users/billcipher/Documents/tnmaker-1742806989403.pdf,tnmaker-1742806989403,_Khong_xac_dinh,unknown,pdfplumber,0.0,,_Khong_xac_dinh,unknown,0.0,0.0,accentless,,False
/Users/billcipher/Documents/to_khai.docx,to_khai,_Khong_xac_dinh,unknown,docx,0.0,,_Khong_xac_dinh,unknown,0.0,0.0,accentless,,False
/Users/billcipher/Documents/toán (1).docx,toán (1),Toan,subject,docx,149.0,body:trung vi x1=10.0; body:tu phan vi x5=55.0; body:phuong sai x3=33.0; body:do lech chuan x1=11.0; body:mau so lieu x4=40.0,Toan,subject,40.0,0.0,accented,accented:toán x1=40.0,False
/Users/billcipher/Documents/toán (2).docx,toán (2),Toan,subject,docx,296.0,body:thong ke x4=40.0; body:trung vi x2=20.0; body:tu phan vi x9=99.0; body:phuong sai x4=44.0; body:do lech chuan x3=33.0; body:mau so lieu x6=60.0,Toan,subject,40.0,0.0,accented,accented:toán x1=40.0,False
/Users/billcipher/Documents/toán (2).pdf,toán (2),Toan,subject,pdfplumber,201.0,body:thong ke x1=10.0; body:trung vi x1=10.0; body:tu phan vi x6=66.0; body:phuong sai x3=33.0; body:do lech chuan x2=22.0; body:mau so lieu x6=60.0,Toan,subject,40.0,0.0,accented,accented:toán x1=40.0,False
/Users/billcipher/Documents/toán.docx,toán,Toan,subject,filename,30.0,filename_alias:toan x1=30.0,Toan,subject,40.0,0.0,accented,accented:toán x1=40.0,False
/Users/billcipher/Documents/ttnn N.docx,ttnn N,Ngu_van,subject,docx,201.0,body:nhan hoa x4=36.0; body:tuồng x15=165.0,_Khong_xac_dinh,unknown,0.0,0.0,accentless,,True
/Users/billcipher/Documents/vcn.pdf,vcn,Tin_hoc,subject,pdfplumber,16.0,body:tin hoc x1=16.0,_Khong_xac_dinh,unknown,0.0,0.0,accentless,,True
/Users/billcipher/Documents/xinjiang hopdoan 22-3107.pdf,xinjiang hopdoan 22-3107,_Khong_xac_dinh,unknown,pdfplumber,0.0,,_Khong_xac_dinh,unknown,0.0,0.0,accentless,,False
/Users/billcipher/Documents/ĐA KIEM TRA QTSX1.docx,ĐA KIEM TRA QTSX1,_Khong_xac_dinh,unknown,docx,0.0,,_Khong_xac_dinh,unknown,0.0,0.0,accentless,,False
/Users/billcipher/Documents/ĐA KIEM TRA QTSX2.docx,ĐA KIEM TRA QTSX2,_Khong_xac_dinh,unknown,docx,0.0,,_Khong_xac_dinh,unknown,0.0,0.0,accentless,,False
/Users/billcipher/Documents/ĐA KIEM TRA QTSX3.docx,ĐA KIEM TRA QTSX3,_Khong_xac_dinh,unknown,docx,0.0,,_Khong_xac_dinh,unknown,0.0,0.0,accentless,,False
/Users/billcipher/Documents/ĐÁP ÁN VL11.pdf,ĐÁP ÁN VL11,Vat_ly,subject,pdfplumber,16.0,body:vat li x1=16.0,_Khong_xac_dinh,unknown,0.0,0.0,accentless,,True
/Users/billcipher/Documents/ĐÁP ÁN ĐỀ HÓA 11 - GK2- 24-25.docx,ĐÁP ÁN ĐỀ HÓA 11 - GK2- 24-25,Hoa_hoc,subject,filename,30.0,filename_alias:hoa x1=30.0,Hoa_hoc,subject,38.0,0.0,accented,accented:hóa x1=38.0,False
/Users/billcipher/Documents/ĐÁP ÁN.docx,ĐÁP ÁN,_Khong_xac_dinh,unknown,docx,0.0,,_Khong_xac_dinh,unknown,0.0,0.0,accentless,,False
/Users/billcipher/Documents/ĐỀ 1 CK226_1 (1).docx,ĐỀ 1 CK226_1 (1),Tieng_Anh,subject,docx,90.0,body:tieng anh x1=18.0; body:mark the letter x6=60.0; body:opposite in meaning x1=12.0,_Khong_xac_dinh,unknown,0.0,0.0,accentless,,True
/Users/billcipher/Documents/ĐỀ 1 CK226_1.docx,ĐỀ 1 CK226_1,Tieng_Anh,subject,docx,90.0,body:tieng anh x1=18.0; body:mark the letter x6=60.0; body:opposite in meaning x1=12.0,_Khong_xac_dinh,unknown,0.0,0.0,accentless,,True
/Users/billcipher/Documents/ĐỀ 1 CK226_1.pdf,ĐỀ 1 CK226_1,Tieng_Anh,subject,pdfplumber,80.0,body:tieng anh x1=18.0; body:mark the letter x5=50.0; body:opposite in meaning x1=12.0,_Khong_xac_dinh,unknown,0.0,0.0,accentless,,True
/Users/billcipher/Documents/ĐỀ 2 Ck226_1.docx,ĐỀ 2 Ck226_1,Tieng_Anh,subject,docx,90.0,body:tieng anh x1=18.0; body:mark the letter x6=60.0; body:opposite in meaning x1=12.0,_Khong_xac_dinh,unknown,0.0,0.0,accentless,,True
/Users/billcipher/Documents/ĐỀ 3 Ck226_1.docx,ĐỀ 3 Ck226_1,Tieng_Anh,subject,docx,90.0,body:tieng anh x1=18.0; body:mark the letter x6=60.0; body:opposite in meaning x1=12.0,_Khong_xac_dinh,unknown,0.0,0.0,accentless,,True
/Users/billcipher/Documents/ĐỀ CƯƠNG ÔN TẬP KIỂM TRA CUỐI HK2 TIN 12.docx,ĐỀ CƯƠNG ÔN TẬP KIỂM TRA CUỐI HK2 TIN 12,Tin_hoc,subject,filename,30.0,filename_alias:tin x1=30.0,Tin_hoc,subject,34.0,0.0,accented,accented:tin x1=34.0,False
/Users/billcipher/Documents/ĐỀ CƯƠNG ÔN TẬP KIỂM TRA CUỐI HK2 TIN 12.pdf,ĐỀ CƯƠNG ÔN TẬP KIỂM TRA CUỐI HK2 TIN 12,Tin_hoc,subject,filename,30.0,filename_alias:tin x1=30.0,Tin_hoc,subject,34.0,0.0,accented,accented:tin x1=34.0,False
/Users/billcipher/Documents/ĐỀ CƯƠNG ÔN THI HK MÔN SINH 11-2024.pdf,ĐỀ CƯƠNG ÔN THI HK MÔN SINH 11-2024,Sinh_hoc,subject,filename,105.0,filename:mon sinh x1=45.0; filename_alias:sinh x1=30.0; filename_alias:mon sinh x1=30.0,Sinh_hoc,subject,97.0,0.0,accented,accented:môn sinh x1=59.0; accented:sinh x1=38.0,False
/Users/billcipher/Documents/ĐỀ ÔN TRƯỚC THI.docx,ĐỀ ÔN TRƯỚC THI,Toan,subject,docx,45.0,body:ma tran x5=45.0,_Khong_xac_dinh,unknown,0.0,0.0,accentless,,True
/Users/billcipher/Documents/ĐỀ PHƯƠNG TRÌNH MŨ LOGA.pdf,ĐỀ PHƯƠNG TRÌNH MŨ LOGA,Toan,subject,pdfplumber,53.0,body:ham so x1=9.0; body:bat phuong trinh x3=33.0; body:cap so nhan x1=11.0,_Khong_xac_dinh,unknown,0.0,0.0,accentless,,True
"/Users/billcipher/Documents/ĐỀ PHƯƠNG TRÌNH, HỆ PHƯƠNG TRÌNH.pdf","ĐỀ PHƯƠNG TRÌNH, HỆ PHƯƠNG TRÌNH",Toan,subject,filename,25.0,filename:he phuong trinh x1=25.0,Toan,subject,59.84,0.0,accentless,accentless:he phuong trinh x1=59.8,False
/Users/billcipher/Documents/ĐỀ SỐ 1-BÀI 1+2.pdf,ĐỀ SỐ 1-BÀI 1+2,Sinh_hoc,subject,pdfplumber,875.0,body:sinh hoc x2=32.0; body:mon sinh x1=18.0; body:mon sinh hoc x1=18.0; body:te bao nhan thuc x3=39.0; body:ribosome x3=39.0; body:nhan te bao x2=24.0; body:chu ky te bao x1=13.0; body:adn x10=140.0; body:gen x9=81.0; body:ma di truyen x6=84.0,_Khong_xac_dinh,unknown,0.0,0.0,accentless,,True
/Users/billcipher/Documents/ĐỀ SỐ 1-BÀI 1+21.pdf,ĐỀ SỐ 1-BÀI 1+21,Sinh_hoc,subject,pdfplumber,875.0,body:sinh hoc x2=32.0; body:mon sinh x1=18.0; body:mon sinh hoc x1=18.0; body:te bao nhan thuc x3=39.0; body:ribosome x3=39.0; body:nhan te bao x2=24.0; body:chu ky te bao x1=13.0; body:adn x10=140.0; body:gen x9=81.0; body:ma di truyen x6=84.0,_Khong_xac_dinh,unknown,0.0,0.0,accentless,,True
/Users/billcipher/Documents/ĐỀ THAM SỐ m.pdf,ĐỀ THAM SỐ m,Toan,subject,pdfplumber,300.0,body:ham so x32=288.0; body:phuong trinh duong thang x1=12.0,_Khong_xac_dinh,unknown,0.0,0.0,accentless,,True
"/Users/billcipher/Documents/ĐỀ THI THỬ HK II, kda.docx","ĐỀ THI THỬ HK II, kda",Ngu_van,subject,docx,177.0,body:an du x1=10.0; body:nhan hoa x1=9.0; body:ngoi ke x2=20.0; body:doc hieu van ban x1=13.0; body:doc hieu x3=33.0; body:tuồng x6=66.0; body:viet bai van nghi luan x2=26.0,_Khong_xac_dinh,unknown,0.0,0.0,accentless,,True
/Users/billcipher/Documents/ĐỀ VIP ÔN TẬP VẬT LÝ. 30 đề.pdf,ĐỀ VIP ÔN TẬP VẬT LÝ. 30 đề,Vat_ly,subject,filename,70.0,filename:vat ly x1=40.0; filename_alias:vat ly x1=30.0,Vat_ly,subject,59.0,0.0,accented,accented:vật lý x1=59.0,False
/Users/billcipher/Documents/ĐỀ XÁC SUẤT BUỔI 2.pdf,ĐỀ XÁC SUẤT BUỔI 2,Toan,subject,filename,55.0,filename:xac suat x1=25.0; filename_alias:xac suat x1=30.0,Toan,subject,40.12,0.0,accented,accented:xác suất x1=40.1,False
"/Users/billcipher/Documents/ĐỌC HIỂU VB THƠ, on thi hk1 - k12 (KDA).docx","ĐỌC HIỂU VB THƠ, on thi hk1 - k12 (KDA)",Ngu_van,subject,filename,57.5,filename:doc hieu x1=27.5; filename_alias:doc hieu x1=30.0,Ngu_van,subject,44.84,0.0,accented,accented:đọc hiểu x1=44.8,False
"/Users/billcipher/Documents/ĐỌC HIỂU VB TRUYỆN, k12 (KDA).docx","ĐỌC HIỂU VB TRUYỆN, k12 (KDA)",Ngu_van,subject,filename,57.5,filename:doc hieu x1=27.5; filename_alias:doc hieu x1=30.0,Ngu_van,subject,44.84,0.0,accented,accented:đọc hiểu x1=44.8,False
/Users/billcipher/Documents/ĐỌC HIỂU VBNL.docx,ĐỌC HIỂU VBNL,Ngu_van,subject,filename,57.5,filename:doc hieu x1=27.5; filename_alias:doc hieu x1=30.0,Ngu_van,subject,44.84,0.0,accented,accented:đọc hiểu x1=44.8,False
/Users/billcipher/Documents/Đám cưới chuột.docx,Đám cưới chuột,Ngu_van,subject,docx,138.0,body:an du x3=30.0; body:cau phuc x1=9.0; body:tuồng x9=99.0,_Khong_xac_dinh,unknown,0.0,0.0,accentless,,True
/Users/billcipher/Documents/Đánh giá đề thi TN THPT 2025.pdf,Đánh giá đề thi TN THPT 2025,Tin_hoc,subject,pdfplumber,1236.0,body:tin hoc x14=224.0; body:mon tin x4=72.0; body:mon tin hoc x4=72.0; body:lap trinh x4=52.0; body:thuat toan x10=140.0; body:vong lap while x1=13.0; body:python x3=33.0; body:cau truc du lieu x1=14.0; body:co so du lieu x4=52.0; body:sql x4=44.0,_Khong_xac_dinh,unknown,0.0,0.0,accentless,,True
/Users/billcipher/Documents/Đề VACT dự đoán 1000  - File đề.pdf,Đề VACT dự đoán 1000  - File đề,_Khong_xac_dinh,unknown,pdfplumber,0.0,,_Khong_xac_dinh,unknown,0.0,0.0,accentless,,False
/Users/billcipher/Documents/đáp án K11 ĐỀ KT GIỮA KÌ 1.docx,đáp án K11 ĐỀ KT GIỮA KÌ 1,Tieng_Anh,subject,docx,168.0,body:tieng anh x3=54.0; body:mon tieng anh x3=60.0; body:anh van x3=54.0,_Khong_xac_dinh,unknown,0.0,0.0,accentless,,True
/Users/billcipher/Documents/đã chỉnh  BÁO CÁO NGHIÊN CỨU KHOA HỌC KỸ THUẬT CẤP TRƯỜNG (1).docx,đã chỉnh  BÁO CÁO NGHIÊN CỨU KHOA HỌC KỸ THUẬT CẤP TRƯỜNG (1),Tin_hoc,subject,docx,259.0,body:tin hoc x1=16.0; body:lap trinh x2=26.0; body:python x7=77.0; body:cau truc du lieu x1=14.0; body:co so du lieu x2=26.0; body:tin hoc ung dung x1=14.0; body:tri tue nhan tao x1=14.0; body:iot x6=72.0,_Khong_xac_dinh,unknown,0.0,0.0,accentless,,True
/Users/billcipher/Documents/đã chỉnh  BÁO CÁO NGHIÊN CỨU KHOA HỌC KỸ THUẬT CẤP TRƯỜNG.docx,đã chỉnh  BÁO CÁO NGHIÊN CỨU KHOA HỌC KỸ THUẬT CẤP TRƯỜNG,Tin_hoc,subject,docx,259.0,body:tin hoc x1=16.0; body:lap trinh x2=26.0; body:python x7=77.0; body:cau truc du lieu x1=14.0; body:co so du lieu x2=26.0; body:tin hoc ung dung x1=14.0; body:tri tue nhan tao x1=14.0; body:iot x6=72.0,_Khong_xac_dinh,unknown,0.0,0.0,accentless,,True
/Users/billcipher/Documents/đề ôn gk1 toán 11.docx,đề ôn gk1 toán 11,Toan,subject,filename,30.0,filename_alias:toan x1=30.0,Toan,subject,40.0,0.0,accented,accented:toán x1=40.0,False
